CODICE ISTAT,cogn,nome,d_nasc_cand,l_nasc,voti
042050,Banzato,Sabrina Paola,21/02/1964,Castellanza,22
042050,Iannetti,Anna Rita,26/08/1953,Brittoli,33
042050,Mangialardi,Maurizio,17/11/1964,Ancona,1532
042050,Mercorelli,Gian-Mario,06/02/1973,Macerata,283
042050,Mancini,Roberto,,,103
042050,Pasquinelli,Fabio,10/01/1981,Osimo,61
042050,Acquaroli,Francesco,25/09/1974,Macerata,1434
043002,Mangialardi,Maurizio,17/11/1964,Ancona,388
043002,Acquaroli,Francesco,25/09/1974,Macerata,577
043002,Mercorelli,Gian-Mario,06/02/1973,Macerata,75
043002,Banzato,Sabrina Paola,21/02/1964,Castellanza,8
043002,Mancini,Roberto,,,13
043002,Pasquinelli,Fabio,10/01/1981,Osimo,20
043002,Iannetti,Anna Rita,26/08/1953,Brittoli,4
043003,Mangialardi,Maurizio,17/11/1964,Ancona,662
043003,Acquaroli,Francesco,25/09/1974,Macerata,1094
043003,Mercorelli,Gian-Mario,06/02/1973,Macerata,179
043003,Banzato,Sabrina Paola,21/02/1964,Castellanza,11
043003,Mancini,Roberto,,,68
043003,Pasquinelli,Fabio,10/01/1981,Osimo,45
043003,Iannetti,Anna Rita,26/08/1953,Brittoli,10
043004,Mangialardi,Maurizio,17/11/1964,Ancona,276
043004,Acquaroli,Francesco,25/09/1974,Macerata,538
043004,Mercorelli,Gian-Mario,06/02/1973,Macerata,82
043004,Banzato,Sabrina Paola,21/02/1964,Castellanza,5
043004,Mancini,Roberto,,,56
043004,Pasquinelli,Fabio,10/01/1981,Osimo,7
043004,Iannetti,Anna Rita,26/08/1953,Brittoli,3
043005,Mangialardi,Maurizio,17/11/1964,Ancona,21
043005,Acquaroli,Francesco,25/09/1974,Macerata,49
043005,Mercorelli,Gian-Mario,06/02/1973,Macerata,4
043005,Banzato,Sabrina Paola,21/02/1964,Castellanza,0
043005,Mancini,Roberto,,,1
043005,Pasquinelli,Fabio,10/01/1981,Osimo,0
043005,Iannetti,Anna Rita,26/08/1953,Brittoli,0
043006,Mangialardi,Maurizio,17/11/1964,Ancona,308
043006,Acquaroli,Francesco,25/09/1974,Macerata,451
043006,Mercorelli,Gian-Mario,06/02/1973,Macerata,75
043006,Banzato,Sabrina Paola,21/02/1964,Castellanza,5
043006,Mancini,Roberto,,,35
043006,Pasquinelli,Fabio,10/01/1981,Osimo,9
043006,Iannetti,Anna Rita,26/08/1953,Brittoli,3
043007,Mangialardi,Maurizio,17/11/1964,Ancona,1032
043007,Acquaroli,Francesco,25/09/1974,Macerata,2090
043007,Mercorelli,Gian-Mario,06/02/1973,Macerata,125
043007,Banzato,Sabrina Paola,21/02/1964,Castellanza,9
043007,Mancini,Roberto,,,31
043007,Pasquinelli,Fabio,10/01/1981,Osimo,35
043007,Iannetti,Anna Rita,26/08/1953,Brittoli,6
043008,Mangialardi,Maurizio,17/11/1964,Ancona,82
043008,Acquaroli,Francesco,25/09/1974,Macerata,134
043008,Mercorelli,Gian-Mario,06/02/1973,Macerata,29
043008,Banzato,Sabrina Paola,21/02/1964,Castellanza,0
043008,Mancini,Roberto,,,10
043008,Pasquinelli,Fabio,10/01/1981,Osimo,6
043008,Iannetti,Anna Rita,26/08/1953,Brittoli,3
043009,Mangialardi,Maurizio,17/11/1964,Ancona,495
043009,Acquaroli,Francesco,25/09/1974,Macerata,1628
043009,Mercorelli,Gian-Mario,06/02/1973,Macerata,162
043009,Banzato,Sabrina Paola,21/02/1964,Castellanza,8
043009,Mancini,Roberto,,,21
043009,Pasquinelli,Fabio,10/01/1981,Osimo,21
043009,Iannetti,Anna Rita,26/08/1953,Brittoli,8
043010,Mangialardi,Maurizio,17/11/1964,Ancona,27
043010,Acquaroli,Francesco,25/09/1974,Macerata,89
043010,Mercorelli,Gian-Mario,06/02/1973,Macerata,14
043010,Banzato,Sabrina Paola,21/02/1964,Castellanza,2
043010,Mancini,Roberto,,,1
043010,Pasquinelli,Fabio,10/01/1981,Osimo,2
043010,Iannetti,Anna Rita,26/08/1953,Brittoli,0
041014,Mancini,Roberto,,,35
041014,Pasquinelli,Fabio,10/01/1981,Osimo,33
041014,Mercorelli,Gian-Mario,06/02/1973,Macerata,271
041014,Mangialardi,Maurizio,17/11/1964,Ancona,1514
041014,Banzato,Sabrina Paola,21/02/1964,Castellanza,13
041014,Acquaroli,Francesco,25/09/1974,Macerata,2248
041014,Iannetti,Anna Rita,26/08/1953,Brittoli,7
043011,Mangialardi,Maurizio,17/11/1964,Ancona,16
043011,Acquaroli,Francesco,25/09/1974,Macerata,149
043011,Mercorelli,Gian-Mario,06/02/1973,Macerata,21
043011,Banzato,Sabrina Paola,21/02/1964,Castellanza,3
043011,Mancini,Roberto,,,12
043011,Pasquinelli,Fabio,10/01/1981,Osimo,1
043011,Iannetti,Anna Rita,26/08/1953,Brittoli,1
043012,Mangialardi,Maurizio,17/11/1964,Ancona,1070
043012,Acquaroli,Francesco,25/09/1974,Macerata,3800
043012,Mercorelli,Gian-Mario,06/02/1973,Macerata,183
043012,Banzato,Sabrina Paola,21/02/1964,Castellanza,12
043012,Mancini,Roberto,,,45
043012,Pasquinelli,Fabio,10/01/1981,Osimo,47
043012,Iannetti,Anna Rita,26/08/1953,Brittoli,19
043013,Mangialardi,Maurizio,17/11/1964,Ancona,5776
043013,Acquaroli,Francesco,25/09/1974,Macerata,10069
043013,Mercorelli,Gian-Mario,06/02/1973,Macerata,1671
043013,Banzato,Sabrina Paola,21/02/1964,Castellanza,124
043013,Mancini,Roberto,,,981
043013,Pasquinelli,Fabio,10/01/1981,Osimo,250
043013,Iannetti,Anna Rita,26/08/1953,Brittoli,107
043014,Mangialardi,Maurizio,17/11/1964,Ancona,253
043014,Acquaroli,Francesco,25/09/1974,Macerata,319
043014,Mercorelli,Gian-Mario,06/02/1973,Macerata,44
043014,Banzato,Sabrina Paola,21/02/1964,Castellanza,0
043014,Mancini,Roberto,,,13
043014,Pasquinelli,Fabio,10/01/1981,Osimo,6
043014,Iannetti,Anna Rita,26/08/1953,Brittoli,2
043015,Mangialardi,Maurizio,17/11/1964,Ancona,1905
043015,Acquaroli,Francesco,25/09/1974,Macerata,4301
043015,Mercorelli,Gian-Mario,06/02/1973,Macerata,623
043015,Banzato,Sabrina Paola,21/02/1964,Castellanza,44
043015,Mancini,Roberto,,,103
043015,Pasquinelli,Fabio,10/01/1981,Osimo,76
043015,Iannetti,Anna Rita,26/08/1953,Brittoli,17
043016,Mangialardi,Maurizio,17/11/1964,Ancona,275
043016,Acquaroli,Francesco,25/09/1974,Macerata,595
043016,Mercorelli,Gian-Mario,06/02/1973,Macerata,98
043016,Banzato,Sabrina Paola,21/02/1964,Castellanza,7
043016,Mancini,Roberto,,,10
043016,Pasquinelli,Fabio,10/01/1981,Osimo,19
043016,Iannetti,Anna Rita,26/08/1953,Brittoli,3
043017,Mangialardi,Maurizio,17/11/1964,Ancona,163
043017,Acquaroli,Francesco,25/09/1974,Macerata,132
043017,Mercorelli,Gian-Mario,06/02/1973,Macerata,27
043017,Banzato,Sabrina Paola,21/02/1964,Castellanza,3
043017,Mancini,Roberto,,,8
043017,Pasquinelli,Fabio,10/01/1981,Osimo,12
043017,Iannetti,Anna Rita,26/08/1953,Brittoli,0
043019,Mangialardi,Maurizio,17/11/1964,Ancona,205
043019,Acquaroli,Francesco,25/09/1974,Macerata,412
043019,Mercorelli,Gian-Mario,06/02/1973,Macerata,63
043019,Banzato,Sabrina Paola,21/02/1964,Castellanza,4
043019,Mancini,Roberto,,,14
043019,Pasquinelli,Fabio,10/01/1981,Osimo,12
043019,Iannetti,Anna Rita,26/08/1953,Brittoli,1
043020,Mangialardi,Maurizio,17/11/1964,Ancona,100
043020,Acquaroli,Francesco,25/09/1974,Macerata,151
043020,Mercorelli,Gian-Mario,06/02/1973,Macerata,21
043020,Banzato,Sabrina Paola,21/02/1964,Castellanza,0
043020,Mancini,Roberto,,,3
043020,Pasquinelli,Fabio,10/01/1981,Osimo,9
043020,Iannetti,Anna Rita,26/08/1953,Brittoli,2
043021,Mangialardi,Maurizio,17/11/1964,Ancona,67
043021,Acquaroli,Francesco,25/09/1974,Macerata,263
043021,Mercorelli,Gian-Mario,06/02/1973,Macerata,23
043021,Banzato,Sabrina Paola,21/02/1964,Castellanza,3
043021,Mancini,Roberto,,,3
043021,Pasquinelli,Fabio,10/01/1981,Osimo,4
043021,Iannetti,Anna Rita,26/08/1953,Brittoli,0
041015,Mancini,Roberto,,,106
041015,Pasquinelli,Fabio,10/01/1981,Osimo,66
041015,Mercorelli,Gian-Mario,06/02/1973,Macerata,412
041015,Mangialardi,Maurizio,17/11/1964,Ancona,1458
041015,Banzato,Sabrina Paola,21/02/1964,Castellanza,42
041015,Acquaroli,Francesco,25/09/1974,Macerata,2658
041015,Iannetti,Anna Rita,26/08/1953,Brittoli,36
043022,Mangialardi,Maurizio,17/11/1964,Ancona,296
043022,Acquaroli,Francesco,25/09/1974,Macerata,571
043022,Mercorelli,Gian-Mario,06/02/1973,Macerata,73
043022,Banzato,Sabrina Paola,21/02/1964,Castellanza,18
043022,Mancini,Roberto,,,83
043022,Pasquinelli,Fabio,10/01/1981,Osimo,22
043022,Iannetti,Anna Rita,26/08/1953,Brittoli,6
043023,Mangialardi,Maurizio,17/11/1964,Ancona,7378
043023,Acquaroli,Francesco,25/09/1974,Macerata,12251
043023,Mercorelli,Gian-Mario,06/02/1973,Macerata,1597
043023,Banzato,Sabrina Paola,21/02/1964,Castellanza,81
043023,Mancini,Roberto,,,587
043023,Pasquinelli,Fabio,10/01/1981,Osimo,288
043023,Iannetti,Anna Rita,26/08/1953,Brittoli,67
043024,Mangialardi,Maurizio,17/11/1964,Ancona,1451
043024,Acquaroli,Francesco,25/09/1974,Macerata,2531
043024,Mercorelli,Gian-Mario,06/02/1973,Macerata,446
043024,Banzato,Sabrina Paola,21/02/1964,Castellanza,20
043024,Mancini,Roberto,,,52
043024,Pasquinelli,Fabio,10/01/1981,Osimo,78
043024,Iannetti,Anna Rita,26/08/1953,Brittoli,16
043025,Mangialardi,Maurizio,17/11/1964,Ancona,566
043025,Acquaroli,Francesco,25/09/1974,Macerata,1374
043025,Mercorelli,Gian-Mario,06/02/1973,Macerata,149
043025,Banzato,Sabrina Paola,21/02/1964,Castellanza,12
043025,Mancini,Roberto,,,40
043025,Pasquinelli,Fabio,10/01/1981,Osimo,40
043025,Iannetti,Anna Rita,26/08/1953,Brittoli,6
043026,Mangialardi,Maurizio,17/11/1964,Ancona,988
043026,Acquaroli,Francesco,25/09/1974,Macerata,2162
043026,Mercorelli,Gian-Mario,06/02/1973,Macerata,208
043026,Banzato,Sabrina Paola,21/02/1964,Castellanza,26
043026,Mancini,Roberto,,,72
043026,Pasquinelli,Fabio,10/01/1981,Osimo,62
043026,Iannetti,Anna Rita,26/08/1953,Brittoli,28
043027,Mangialardi,Maurizio,17/11/1964,Ancona,6
043027,Acquaroli,Francesco,25/09/1974,Macerata,49
043027,Mercorelli,Gian-Mario,06/02/1973,Macerata,2
043027,Banzato,Sabrina Paola,21/02/1964,Castellanza,0
043027,Mancini,Roberto,,,1
043027,Pasquinelli,Fabio,10/01/1981,Osimo,0
043027,Iannetti,Anna Rita,26/08/1953,Brittoli,0
043028,Mangialardi,Maurizio,17/11/1964,Ancona,1193
043028,Acquaroli,Francesco,25/09/1974,Macerata,1570
043028,Mercorelli,Gian-Mario,06/02/1973,Macerata,381
043028,Banzato,Sabrina Paola,21/02/1964,Castellanza,19
043028,Mancini,Roberto,,,71
043028,Pasquinelli,Fabio,10/01/1981,Osimo,39
043028,Iannetti,Anna Rita,26/08/1953,Brittoli,34
043029,Mangialardi,Maurizio,17/11/1964,Ancona,558
043029,Acquaroli,Francesco,25/09/1974,Macerata,860
043029,Mercorelli,Gian-Mario,06/02/1973,Macerata,146
043029,Banzato,Sabrina Paola,21/02/1964,Castellanza,9
043029,Mancini,Roberto,,,25
043029,Pasquinelli,Fabio,10/01/1981,Osimo,45
043029,Iannetti,Anna Rita,26/08/1953,Brittoli,10
043030,Mangialardi,Maurizio,17/11/1964,Ancona,405
043030,Acquaroli,Francesco,25/09/1974,Macerata,1092
043030,Mercorelli,Gian-Mario,06/02/1973,Macerata,128
043030,Banzato,Sabrina Paola,21/02/1964,Castellanza,7
043030,Mancini,Roberto,,,31
043030,Pasquinelli,Fabio,10/01/1981,Osimo,9
043030,Iannetti,Anna Rita,26/08/1953,Brittoli,5
043031,Mangialardi,Maurizio,17/11/1964,Ancona,924
043031,Acquaroli,Francesco,25/09/1974,Macerata,2190
043031,Mercorelli,Gian-Mario,06/02/1973,Macerata,200
043031,Banzato,Sabrina Paola,21/02/1964,Castellanza,17
043031,Mancini,Roberto,,,38
043031,Pasquinelli,Fabio,10/01/1981,Osimo,36
043031,Iannetti,Anna Rita,26/08/1953,Brittoli,9
041016,Mancini,Roberto,,,5
041016,Pasquinelli,Fabio,10/01/1981,Osimo,4
041016,Mercorelli,Gian-Mario,06/02/1973,Macerata,27
041016,Mangialardi,Maurizio,17/11/1964,Ancona,182
041016,Banzato,Sabrina Paola,21/02/1964,Castellanza,0
041016,Acquaroli,Francesco,25/09/1974,Macerata,203
041016,Iannetti,Anna Rita,26/08/1953,Brittoli,5
043032,Mangialardi,Maurizio,17/11/1964,Ancona,122
043032,Acquaroli,Francesco,25/09/1974,Macerata,216
043032,Mercorelli,Gian-Mario,06/02/1973,Macerata,20
043032,Banzato,Sabrina Paola,21/02/1964,Castellanza,0
043032,Mancini,Roberto,,,15
043032,Pasquinelli,Fabio,10/01/1981,Osimo,3
043032,Iannetti,Anna Rita,26/08/1953,Brittoli,2
043033,Mangialardi,Maurizio,17/11/1964,Ancona,1370
043033,Acquaroli,Francesco,25/09/1974,Macerata,2648
043033,Mercorelli,Gian-Mario,06/02/1973,Macerata,344
043033,Banzato,Sabrina Paola,21/02/1964,Castellanza,35
043033,Mancini,Roberto,,,88
043033,Pasquinelli,Fabio,10/01/1981,Osimo,51
043033,Iannetti,Anna Rita,26/08/1953,Brittoli,9
043034,Mangialardi,Maurizio,17/11/1964,Ancona,130
043034,Acquaroli,Francesco,25/09/1974,Macerata,274
043034,Mercorelli,Gian-Mario,06/02/1973,Macerata,18
043034,Banzato,Sabrina Paola,21/02/1964,Castellanza,0
043034,Mancini,Roberto,,,5
043034,Pasquinelli,Fabio,10/01/1981,Osimo,8
043034,Iannetti,Anna Rita,26/08/1953,Brittoli,2
043035,Mangialardi,Maurizio,17/11/1964,Ancona,111
043035,Acquaroli,Francesco,25/09/1974,Macerata,256
043035,Mercorelli,Gian-Mario,06/02/1973,Macerata,27
043035,Banzato,Sabrina Paola,21/02/1964,Castellanza,3
043035,Mancini,Roberto,,,9
043035,Pasquinelli,Fabio,10/01/1981,Osimo,9
043035,Iannetti,Anna Rita,26/08/1953,Brittoli,4
043036,Mangialardi,Maurizio,17/11/1964,Ancona,315
043036,Acquaroli,Francesco,25/09/1974,Macerata,644
043036,Mercorelli,Gian-Mario,06/02/1973,Macerata,111
043036,Banzato,Sabrina Paola,21/02/1964,Castellanza,2
043036,Mancini,Roberto,,,14
043036,Pasquinelli,Fabio,10/01/1981,Osimo,22
043036,Iannetti,Anna Rita,26/08/1953,Brittoli,4
043038,Mangialardi,Maurizio,17/11/1964,Ancona,180
043038,Acquaroli,Francesco,25/09/1974,Macerata,416
043038,Mercorelli,Gian-Mario,06/02/1973,Macerata,19
043038,Banzato,Sabrina Paola,21/02/1964,Castellanza,2
043038,Mancini,Roberto,,,1
043038,Pasquinelli,Fabio,10/01/1981,Osimo,15
043038,Iannetti,Anna Rita,26/08/1953,Brittoli,0
043039,Mangialardi,Maurizio,17/11/1964,Ancona,150
043039,Acquaroli,Francesco,25/09/1974,Macerata,288
043039,Mercorelli,Gian-Mario,06/02/1973,Macerata,48
043039,Banzato,Sabrina Paola,21/02/1964,Castellanza,2
043039,Mancini,Roberto,,,5
043039,Pasquinelli,Fabio,10/01/1981,Osimo,8
043039,Iannetti,Anna Rita,26/08/1953,Brittoli,1
043040,Mangialardi,Maurizio,17/11/1964,Ancona,35
043040,Acquaroli,Francesco,25/09/1974,Macerata,47
043040,Mercorelli,Gian-Mario,06/02/1973,Macerata,12
043040,Banzato,Sabrina Paola,21/02/1964,Castellanza,1
043040,Mancini,Roberto,,,5
043040,Pasquinelli,Fabio,10/01/1981,Osimo,1
043040,Iannetti,Anna Rita,26/08/1953,Brittoli,0
043041,Mangialardi,Maurizio,17/11/1964,Ancona,830
043041,Acquaroli,Francesco,25/09/1974,Macerata,1828
043041,Mercorelli,Gian-Mario,06/02/1973,Macerata,319
043041,Banzato,Sabrina Paola,21/02/1964,Castellanza,18
043041,Mancini,Roberto,,,66
043041,Pasquinelli,Fabio,10/01/1981,Osimo,46
043041,Iannetti,Anna Rita,26/08/1953,Brittoli,24
043042,Mangialardi,Maurizio,17/11/1964,Ancona,1638
043042,Acquaroli,Francesco,25/09/1974,Macerata,2880
043042,Mercorelli,Gian-Mario,06/02/1973,Macerata,469
043042,Banzato,Sabrina Paola,21/02/1964,Castellanza,30
043042,Mancini,Roberto,,,74
043042,Pasquinelli,Fabio,10/01/1981,Osimo,47
043042,Iannetti,Anna Rita,26/08/1953,Brittoli,18
041017,Mancini,Roberto,,,5
041017,Pasquinelli,Fabio,10/01/1981,Osimo,2
041017,Mercorelli,Gian-Mario,06/02/1973,Macerata,12
041017,Mangialardi,Maurizio,17/11/1964,Ancona,39
041017,Banzato,Sabrina Paola,21/02/1964,Castellanza,6
041017,Acquaroli,Francesco,25/09/1974,Macerata,65
041017,Iannetti,Anna Rita,26/08/1953,Brittoli,0
043043,Mangialardi,Maurizio,17/11/1964,Ancona,2295
043043,Acquaroli,Francesco,25/09/1974,Macerata,4129
043043,Mercorelli,Gian-Mario,06/02/1973,Macerata,509
043043,Banzato,Sabrina Paola,21/02/1964,Castellanza,48
043043,Mancini,Roberto,,,172
043043,Pasquinelli,Fabio,10/01/1981,Osimo,75
043043,Iannetti,Anna Rita,26/08/1953,Brittoli,38
043044,Mangialardi,Maurizio,17/11/1964,Ancona,4074
043044,Acquaroli,Francesco,25/09/1974,Macerata,4788
043044,Mercorelli,Gian-Mario,06/02/1973,Macerata,844
043044,Banzato,Sabrina Paola,21/02/1964,Castellanza,53
043044,Mancini,Roberto,,,232
043044,Pasquinelli,Fabio,10/01/1981,Osimo,100
043044,Iannetti,Anna Rita,26/08/1953,Brittoli,46
043045,Mangialardi,Maurizio,17/11/1964,Ancona,83
043045,Acquaroli,Francesco,25/09/1974,Macerata,302
043045,Mercorelli,Gian-Mario,06/02/1973,Macerata,20
043045,Banzato,Sabrina Paola,21/02/1964,Castellanza,1
043045,Mancini,Roberto,,,9
043045,Pasquinelli,Fabio,10/01/1981,Osimo,7
043045,Iannetti,Anna Rita,26/08/1953,Brittoli,0
043046,Mangialardi,Maurizio,17/11/1964,Ancona,397
043046,Acquaroli,Francesco,25/09/1974,Macerata,1021
043046,Mercorelli,Gian-Mario,06/02/1973,Macerata,109
043046,Banzato,Sabrina Paola,21/02/1964,Castellanza,10
043046,Mancini,Roberto,,,23
043046,Pasquinelli,Fabio,10/01/1981,Osimo,20
043046,Iannetti,Anna Rita,26/08/1953,Brittoli,7
043047,Mangialardi,Maurizio,17/11/1964,Ancona,1496
043047,Acquaroli,Francesco,25/09/1974,Macerata,3793
043047,Mercorelli,Gian-Mario,06/02/1973,Macerata,485
043047,Banzato,Sabrina Paola,21/02/1964,Castellanza,27
043047,Mancini,Roberto,,,105
043047,Pasquinelli,Fabio,10/01/1981,Osimo,90
043047,Iannetti,Anna Rita,26/08/1953,Brittoli,31
043048,Mangialardi,Maurizio,17/11/1964,Ancona,142
043048,Acquaroli,Francesco,25/09/1974,Macerata,426
043048,Mercorelli,Gian-Mario,06/02/1973,Macerata,37
043048,Banzato,Sabrina Paola,21/02/1964,Castellanza,2
043048,Mancini,Roberto,,,9
043048,Pasquinelli,Fabio,10/01/1981,Osimo,16
043048,Iannetti,Anna Rita,26/08/1953,Brittoli,1
043049,Mangialardi,Maurizio,17/11/1964,Ancona,452
043049,Acquaroli,Francesco,25/09/1974,Macerata,930
043049,Mercorelli,Gian-Mario,06/02/1973,Macerata,81
043049,Banzato,Sabrina Paola,21/02/1964,Castellanza,9
043049,Mancini,Roberto,,,8
043049,Pasquinelli,Fabio,10/01/1981,Osimo,14
043049,Iannetti,Anna Rita,26/08/1953,Brittoli,6
043050,Mangialardi,Maurizio,17/11/1964,Ancona,65
043050,Acquaroli,Francesco,25/09/1974,Macerata,130
043050,Mercorelli,Gian-Mario,06/02/1973,Macerata,3
043050,Banzato,Sabrina Paola,21/02/1964,Castellanza,0
043050,Mancini,Roberto,,,2
043050,Pasquinelli,Fabio,10/01/1981,Osimo,2
043050,Iannetti,Anna Rita,26/08/1953,Brittoli,1
043051,Mangialardi,Maurizio,17/11/1964,Ancona,131
043051,Acquaroli,Francesco,25/09/1974,Macerata,283
043051,Mercorelli,Gian-Mario,06/02/1973,Macerata,55
043051,Banzato,Sabrina Paola,21/02/1964,Castellanza,3
043051,Mancini,Roberto,,,16
043051,Pasquinelli,Fabio,10/01/1981,Osimo,6
043051,Iannetti,Anna Rita,26/08/1953,Brittoli,1
043052,Mangialardi,Maurizio,17/11/1964,Ancona,206
043052,Acquaroli,Francesco,25/09/1974,Macerata,266
043052,Mercorelli,Gian-Mario,06/02/1973,Macerata,22
043052,Banzato,Sabrina Paola,21/02/1964,Castellanza,1
043052,Mancini,Roberto,,,2
043052,Pasquinelli,Fabio,10/01/1981,Osimo,3
043052,Iannetti,Anna Rita,26/08/1953,Brittoli,0
041018,Mancini,Roberto,,,13
041018,Pasquinelli,Fabio,10/01/1981,Osimo,7
041018,Mercorelli,Gian-Mario,06/02/1973,Macerata,53
041018,Mangialardi,Maurizio,17/11/1964,Ancona,315
041018,Banzato,Sabrina Paola,21/02/1964,Castellanza,3
041018,Acquaroli,Francesco,25/09/1974,Macerata,293
041018,Iannetti,Anna Rita,26/08/1953,Brittoli,1
043053,Mangialardi,Maurizio,17/11/1964,Ancona,2531
043053,Acquaroli,Francesco,25/09/1974,Macerata,5010
043053,Mercorelli,Gian-Mario,06/02/1973,Macerata,1309
043053,Banzato,Sabrina Paola,21/02/1964,Castellanza,54
043053,Mancini,Roberto,,,260
043053,Pasquinelli,Fabio,10/01/1981,Osimo,174
043053,Iannetti,Anna Rita,26/08/1953,Brittoli,45
043054,Mangialardi,Maurizio,17/11/1964,Ancona,1116
043054,Acquaroli,Francesco,25/09/1974,Macerata,2842
043054,Mercorelli,Gian-Mario,06/02/1973,Macerata,325
043054,Banzato,Sabrina Paola,21/02/1964,Castellanza,24
043054,Mancini,Roberto,,,49
043054,Pasquinelli,Fabio,10/01/1981,Osimo,55
043054,Iannetti,Anna Rita,26/08/1953,Brittoli,20
043055,Mangialardi,Maurizio,17/11/1964,Ancona,521
043055,Acquaroli,Francesco,25/09/1974,Macerata,665
043055,Mercorelli,Gian-Mario,06/02/1973,Macerata,117
043055,Banzato,Sabrina Paola,21/02/1964,Castellanza,6
043055,Mancini,Roberto,,,20
043055,Pasquinelli,Fabio,10/01/1981,Osimo,12
043055,Iannetti,Anna Rita,26/08/1953,Brittoli,4
043056,Mangialardi,Maurizio,17/11/1964,Ancona,35
043056,Acquaroli,Francesco,25/09/1974,Macerata,172
043056,Mercorelli,Gian-Mario,06/02/1973,Macerata,15
043056,Banzato,Sabrina Paola,21/02/1964,Castellanza,1
043056,Mancini,Roberto,,,7
043056,Pasquinelli,Fabio,10/01/1981,Osimo,4
043056,Iannetti,Anna Rita,26/08/1953,Brittoli,1
043057,Mangialardi,Maurizio,17/11/1964,Ancona,132
043057,Acquaroli,Francesco,25/09/1974,Macerata,344
043057,Mercorelli,Gian-Mario,06/02/1973,Macerata,30
043057,Banzato,Sabrina Paola,21/02/1964,Castellanza,4
043057,Mancini,Roberto,,,5
043057,Pasquinelli,Fabio,10/01/1981,Osimo,9
043057,Iannetti,Anna Rita,26/08/1953,Brittoli,1
043058,Mangialardi,Maurizio,17/11/1964,Ancona,80
043058,Acquaroli,Francesco,25/09/1974,Macerata,329
043058,Mercorelli,Gian-Mario,06/02/1973,Macerata,28
043058,Banzato,Sabrina Paola,21/02/1964,Castellanza,4
043058,Mancini,Roberto,,,6
043058,Pasquinelli,Fabio,10/01/1981,Osimo,5
043058,Iannetti,Anna Rita,26/08/1953,Brittoli,5
044001,Banzato,Sabrina Paola,21/02/1964,Castellanza,3
044001,Iannetti,Anna Rita,26/08/1953,Brittoli,9
044001,Pasquinelli,Fabio,10/01/1981,Osimo,18
044001,Acquaroli,Francesco,25/09/1974,Macerata,775
044001,Mancini,Roberto,,,6
044001,Mercorelli,Gian-Mario,06/02/1973,Macerata,98
044001,Mangialardi,Maurizio,17/11/1964,Ancona,407
044002,Banzato,Sabrina Paola,21/02/1964,Castellanza,3
044002,Iannetti,Anna Rita,26/08/1953,Brittoli,8
044002,Pasquinelli,Fabio,10/01/1981,Osimo,23
044002,Acquaroli,Francesco,25/09/1974,Macerata,891
044002,Mancini,Roberto,,,29
044002,Mercorelli,Gian-Mario,06/02/1973,Macerata,157
044002,Mangialardi,Maurizio,17/11/1964,Ancona,503
044005,Banzato,Sabrina Paola,21/02/1964,Castellanza,9
044005,Iannetti,Anna Rita,26/08/1953,Brittoli,4
044005,Pasquinelli,Fabio,10/01/1981,Osimo,17
044005,Acquaroli,Francesco,25/09/1974,Macerata,615
044005,Mancini,Roberto,,,10
044005,Mercorelli,Gian-Mario,06/02/1973,Macerata,76
044005,Mangialardi,Maurizio,17/11/1964,Ancona,343
044006,Banzato,Sabrina Paola,21/02/1964,Castellanza,2
044006,Iannetti,Anna Rita,26/08/1953,Brittoli,0
044006,Pasquinelli,Fabio,10/01/1981,Osimo,9
044006,Acquaroli,Francesco,25/09/1974,Macerata,332
044006,Mancini,Roberto,,,5
044006,Mercorelli,Gian-Mario,06/02/1973,Macerata,34
044006,Mangialardi,Maurizio,17/11/1964,Ancona,141
041019,Mancini,Roberto,,,23
041019,Pasquinelli,Fabio,10/01/1981,Osimo,60
041019,Mercorelli,Gian-Mario,06/02/1973,Macerata,316
041019,Mangialardi,Maurizio,17/11/1964,Ancona,1020
041019,Banzato,Sabrina Paola,21/02/1964,Castellanza,39
041019,Acquaroli,Francesco,25/09/1974,Macerata,1045
041019,Iannetti,Anna Rita,26/08/1953,Brittoli,38
044007,Banzato,Sabrina Paola,21/02/1964,Castellanza,83
044007,Iannetti,Anna Rita,26/08/1953,Brittoli,47
044007,Pasquinelli,Fabio,10/01/1981,Osimo,242
044007,Acquaroli,Francesco,25/09/1974,Macerata,14129
044007,Mancini,Roberto,,,387
044007,Mercorelli,Gian-Mario,06/02/1973,Macerata,1708
044007,Mangialardi,Maurizio,17/11/1964,Ancona,7070
044010,Banzato,Sabrina Paola,21/02/1964,Castellanza,2
044010,Iannetti,Anna Rita,26/08/1953,Brittoli,0
044010,Pasquinelli,Fabio,10/01/1981,Osimo,11
044010,Acquaroli,Francesco,25/09/1974,Macerata,317
044010,Mancini,Roberto,,,8
044010,Mercorelli,Gian-Mario,06/02/1973,Macerata,40
044010,Mangialardi,Maurizio,17/11/1964,Ancona,145
044011,Banzato,Sabrina Paola,21/02/1964,Castellanza,13
044011,Iannetti,Anna Rita,26/08/1953,Brittoli,18
044011,Pasquinelli,Fabio,10/01/1981,Osimo,73
044011,Acquaroli,Francesco,25/09/1974,Macerata,1757
044011,Mancini,Roberto,,,104
044011,Mercorelli,Gian-Mario,06/02/1973,Macerata,465
044011,Mangialardi,Maurizio,17/11/1964,Ancona,1445
044012,Banzato,Sabrina Paola,21/02/1964,Castellanza,23
044012,Iannetti,Anna Rita,26/08/1953,Brittoli,9
044012,Pasquinelli,Fabio,10/01/1981,Osimo,16
044012,Acquaroli,Francesco,25/09/1974,Macerata,802
044012,Mancini,Roberto,,,8
044012,Mercorelli,Gian-Mario,06/02/1973,Macerata,75
044012,Mangialardi,Maurizio,17/11/1964,Ancona,424
044013,Banzato,Sabrina Paola,21/02/1964,Castellanza,5
044013,Iannetti,Anna Rita,26/08/1953,Brittoli,2
044013,Pasquinelli,Fabio,10/01/1981,Osimo,13
044013,Acquaroli,Francesco,25/09/1974,Macerata,359
044013,Mancini,Roberto,,,13
044013,Mercorelli,Gian-Mario,06/02/1973,Macerata,107
044013,Mangialardi,Maurizio,17/11/1964,Ancona,588
044014,Banzato,Sabrina Paola,21/02/1964,Castellanza,6
044014,Iannetti,Anna Rita,26/08/1953,Brittoli,9
044014,Pasquinelli,Fabio,10/01/1981,Osimo,13
044014,Acquaroli,Francesco,25/09/1974,Macerata,554
044014,Mancini,Roberto,,,42
044014,Mercorelli,Gian-Mario,06/02/1973,Macerata,92
044014,Mangialardi,Maurizio,17/11/1964,Ancona,1164
044015,Banzato,Sabrina Paola,21/02/1964,Castellanza,1
044015,Iannetti,Anna Rita,26/08/1953,Brittoli,4
044015,Pasquinelli,Fabio,10/01/1981,Osimo,22
044015,Acquaroli,Francesco,25/09/1974,Macerata,851
044015,Mancini,Roberto,,,8
044015,Mercorelli,Gian-Mario,06/02/1973,Macerata,87
044015,Mangialardi,Maurizio,17/11/1964,Ancona,561
044016,Banzato,Sabrina Paola,21/02/1964,Castellanza,1
044016,Iannetti,Anna Rita,26/08/1953,Brittoli,5
044016,Pasquinelli,Fabio,10/01/1981,Osimo,6
044016,Acquaroli,Francesco,25/09/1974,Macerata,277
044016,Mancini,Roberto,,,17
044016,Mercorelli,Gian-Mario,06/02/1973,Macerata,32
044016,Mangialardi,Maurizio,17/11/1964,Ancona,239
044017,Banzato,Sabrina Paola,21/02/1964,Castellanza,12
044017,Iannetti,Anna Rita,26/08/1953,Brittoli,3
044017,Pasquinelli,Fabio,10/01/1981,Osimo,38
044017,Acquaroli,Francesco,25/09/1974,Macerata,1266
044017,Mancini,Roberto,,,35
044017,Mercorelli,Gian-Mario,06/02/1973,Macerata,175
044017,Mangialardi,Maurizio,17/11/1964,Ancona,787
044020,Banzato,Sabrina Paola,21/02/1964,Castellanza,14
044020,Iannetti,Anna Rita,26/08/1953,Brittoli,9
044020,Pasquinelli,Fabio,10/01/1981,Osimo,42
044020,Acquaroli,Francesco,25/09/1974,Macerata,2459
044020,Mancini,Roberto,,,54
044020,Mercorelli,Gian-Mario,06/02/1973,Macerata,405
044020,Mangialardi,Maurizio,17/11/1964,Ancona,1309
041020,Mancini,Roberto,,,25
041020,Pasquinelli,Fabio,10/01/1981,Osimo,58
041020,Mercorelli,Gian-Mario,06/02/1973,Macerata,367
041020,Mangialardi,Maurizio,17/11/1964,Ancona,725
041020,Banzato,Sabrina Paola,21/02/1964,Castellanza,17
041020,Acquaroli,Francesco,25/09/1974,Macerata,838
041020,Iannetti,Anna Rita,26/08/1953,Brittoli,31
044021,Banzato,Sabrina Paola,21/02/1964,Castellanza,0
044021,Iannetti,Anna Rita,26/08/1953,Brittoli,0
044021,Pasquinelli,Fabio,10/01/1981,Osimo,6
044021,Acquaroli,Francesco,25/09/1974,Macerata,138
044021,Mancini,Roberto,,,1
044021,Mercorelli,Gian-Mario,06/02/1973,Macerata,18
044021,Mangialardi,Maurizio,17/11/1964,Ancona,665
044023,Banzato,Sabrina Paola,21/02/1964,Castellanza,31
044023,Iannetti,Anna Rita,26/08/1953,Brittoli,33
044023,Pasquinelli,Fabio,10/01/1981,Osimo,80
044023,Acquaroli,Francesco,25/09/1974,Macerata,3721
044023,Mancini,Roberto,,,273
044023,Mercorelli,Gian-Mario,06/02/1973,Macerata,695
044023,Mangialardi,Maurizio,17/11/1964,Ancona,2662
044027,Banzato,Sabrina Paola,21/02/1964,Castellanza,4
044027,Iannetti,Anna Rita,26/08/1953,Brittoli,10
044027,Pasquinelli,Fabio,10/01/1981,Osimo,15
044027,Acquaroli,Francesco,25/09/1974,Macerata,894
044027,Mancini,Roberto,,,9
044027,Mercorelli,Gian-Mario,06/02/1973,Macerata,111
044027,Mangialardi,Maurizio,17/11/1964,Ancona,218
044029,Banzato,Sabrina Paola,21/02/1964,Castellanza,3
044029,Iannetti,Anna Rita,26/08/1953,Brittoli,1
044029,Pasquinelli,Fabio,10/01/1981,Osimo,10
044029,Acquaroli,Francesco,25/09/1974,Macerata,404
044029,Mancini,Roberto,,,24
044029,Mercorelli,Gian-Mario,06/02/1973,Macerata,55
044029,Mangialardi,Maurizio,17/11/1964,Ancona,253
044031,Banzato,Sabrina Paola,21/02/1964,Castellanza,6
044031,Iannetti,Anna Rita,26/08/1953,Brittoli,4
044031,Pasquinelli,Fabio,10/01/1981,Osimo,19
044031,Acquaroli,Francesco,25/09/1974,Macerata,822
044031,Mancini,Roberto,,,25
044031,Mercorelli,Gian-Mario,06/02/1973,Macerata,235
044031,Mangialardi,Maurizio,17/11/1964,Ancona,777
044032,Banzato,Sabrina Paola,21/02/1964,Castellanza,5
044032,Iannetti,Anna Rita,26/08/1953,Brittoli,1
044032,Pasquinelli,Fabio,10/01/1981,Osimo,13
044032,Acquaroli,Francesco,25/09/1974,Macerata,707
044032,Mancini,Roberto,,,12
044032,Mercorelli,Gian-Mario,06/02/1973,Macerata,51
044032,Mangialardi,Maurizio,17/11/1964,Ancona,362
044034,Banzato,Sabrina Paola,21/02/1964,Castellanza,2
044034,Iannetti,Anna Rita,26/08/1953,Brittoli,3
044034,Pasquinelli,Fabio,10/01/1981,Osimo,1
044034,Acquaroli,Francesco,25/09/1974,Macerata,124
044034,Mancini,Roberto,,,2
044034,Mercorelli,Gian-Mario,06/02/1973,Macerata,12
044034,Mangialardi,Maurizio,17/11/1964,Ancona,136
044036,Banzato,Sabrina Paola,21/02/1964,Castellanza,5
044036,Iannetti,Anna Rita,26/08/1953,Brittoli,3
044036,Pasquinelli,Fabio,10/01/1981,Osimo,16
044036,Acquaroli,Francesco,25/09/1974,Macerata,527
044036,Mancini,Roberto,,,19
044036,Mercorelli,Gian-Mario,06/02/1973,Macerata,66
044036,Mangialardi,Maurizio,17/11/1964,Ancona,344
044038,Banzato,Sabrina Paola,21/02/1964,Castellanza,0
044038,Iannetti,Anna Rita,26/08/1953,Brittoli,0
044038,Pasquinelli,Fabio,10/01/1981,Osimo,0
044038,Acquaroli,Francesco,25/09/1974,Macerata,97
044038,Mancini,Roberto,,,1
044038,Mercorelli,Gian-Mario,06/02/1973,Macerata,11
044038,Mangialardi,Maurizio,17/11/1964,Ancona,111
044044,Banzato,Sabrina Paola,21/02/1964,Castellanza,0
044044,Iannetti,Anna Rita,26/08/1953,Brittoli,0
044044,Pasquinelli,Fabio,10/01/1981,Osimo,0
044044,Acquaroli,Francesco,25/09/1974,Macerata,181
044044,Mancini,Roberto,,,4
044044,Mercorelli,Gian-Mario,06/02/1973,Macerata,10
044044,Mangialardi,Maurizio,17/11/1964,Ancona,98
041021,Mancini,Roberto,,,13
041021,Pasquinelli,Fabio,10/01/1981,Osimo,4
041021,Mercorelli,Gian-Mario,06/02/1973,Macerata,23
041021,Mangialardi,Maurizio,17/11/1964,Ancona,135
041021,Banzato,Sabrina Paola,21/02/1964,Castellanza,1
041021,Acquaroli,Francesco,25/09/1974,Macerata,186
041021,Iannetti,Anna Rita,26/08/1953,Brittoli,3
044045,Banzato,Sabrina Paola,21/02/1964,Castellanza,28
044045,Iannetti,Anna Rita,26/08/1953,Brittoli,47
044045,Pasquinelli,Fabio,10/01/1981,Osimo,50
044045,Acquaroli,Francesco,25/09/1974,Macerata,2096
044045,Mancini,Roberto,,,86
044045,Mercorelli,Gian-Mario,06/02/1973,Macerata,706
044045,Mangialardi,Maurizio,17/11/1964,Ancona,2117
044054,Banzato,Sabrina Paola,21/02/1964,Castellanza,8
044054,Iannetti,Anna Rita,26/08/1953,Brittoli,3
044054,Pasquinelli,Fabio,10/01/1981,Osimo,32
044054,Acquaroli,Francesco,25/09/1974,Macerata,1061
044054,Mancini,Roberto,,,66
044054,Mercorelli,Gian-Mario,06/02/1973,Macerata,212
044054,Mangialardi,Maurizio,17/11/1964,Ancona,1085
044056,Banzato,Sabrina Paola,21/02/1964,Castellanza,0
044056,Iannetti,Anna Rita,26/08/1953,Brittoli,0
044056,Pasquinelli,Fabio,10/01/1981,Osimo,0
044056,Acquaroli,Francesco,25/09/1974,Macerata,40
044056,Mancini,Roberto,,,0
044056,Mercorelli,Gian-Mario,06/02/1973,Macerata,1
044056,Mangialardi,Maurizio,17/11/1964,Ancona,43
044063,Banzato,Sabrina Paola,21/02/1964,Castellanza,5
044063,Iannetti,Anna Rita,26/08/1953,Brittoli,4
044063,Pasquinelli,Fabio,10/01/1981,Osimo,14
044063,Acquaroli,Francesco,25/09/1974,Macerata,762
044063,Mancini,Roberto,,,44
044063,Mercorelli,Gian-Mario,06/02/1973,Macerata,123
044063,Mangialardi,Maurizio,17/11/1964,Ancona,1027
044064,Banzato,Sabrina Paola,21/02/1964,Castellanza,5
044064,Iannetti,Anna Rita,26/08/1953,Brittoli,0
044064,Pasquinelli,Fabio,10/01/1981,Osimo,11
044064,Acquaroli,Francesco,25/09/1974,Macerata,516
044064,Mancini,Roberto,,,22
044064,Mercorelli,Gian-Mario,06/02/1973,Macerata,58
044064,Mangialardi,Maurizio,17/11/1964,Ancona,273
044065,Banzato,Sabrina Paola,21/02/1964,Castellanza,1
044065,Iannetti,Anna Rita,26/08/1953,Brittoli,1
044065,Pasquinelli,Fabio,10/01/1981,Osimo,3
044065,Acquaroli,Francesco,25/09/1974,Macerata,236
044065,Mancini,Roberto,,,5
044065,Mercorelli,Gian-Mario,06/02/1973,Macerata,13
044065,Mangialardi,Maurizio,17/11/1964,Ancona,222
044066,Banzato,Sabrina Paola,21/02/1964,Castellanza,78
044066,Iannetti,Anna Rita,26/08/1953,Brittoli,89
044066,Pasquinelli,Fabio,10/01/1981,Osimo,271
044066,Acquaroli,Francesco,25/09/1974,Macerata,10828
044066,Mancini,Roberto,,,603
044066,Mercorelli,Gian-Mario,06/02/1973,Macerata,2323
044066,Mangialardi,Maurizio,17/11/1964,Ancona,7230
044071,Banzato,Sabrina Paola,21/02/1964,Castellanza,11
044071,Iannetti,Anna Rita,26/08/1953,Brittoli,8
044071,Pasquinelli,Fabio,10/01/1981,Osimo,37
044071,Acquaroli,Francesco,25/09/1974,Macerata,1315
044071,Mancini,Roberto,,,63
044071,Mercorelli,Gian-Mario,06/02/1973,Macerata,311
044071,Mangialardi,Maurizio,17/11/1964,Ancona,1330
044073,Banzato,Sabrina Paola,21/02/1964,Castellanza,2
044073,Iannetti,Anna Rita,26/08/1953,Brittoli,1
044073,Pasquinelli,Fabio,10/01/1981,Osimo,9
044073,Acquaroli,Francesco,25/09/1974,Macerata,542
044073,Mancini,Roberto,,,9
044073,Mercorelli,Gian-Mario,06/02/1973,Macerata,79
044073,Mangialardi,Maurizio,17/11/1964,Ancona,336
109001,Mangialardi,Maurizio,17/11/1964,Ancona,494
109001,Iannetti,Anna Rita,26/08/1953,Brittoli,5
109001,Mancini,Roberto,,,39
109001,Pasquinelli,Fabio,10/01/1981,Osimo,18
109001,Acquaroli,Francesco,25/09/1974,Macerata,879
109001,Banzato,Sabrina Paola,21/02/1964,Castellanza,11
109001,Mercorelli,Gian-Mario,06/02/1973,Macerata,146
041022,Mancini,Roberto,,,1
041022,Pasquinelli,Fabio,10/01/1981,Osimo,12
041022,Mercorelli,Gian-Mario,06/02/1973,Macerata,45
041022,Mangialardi,Maurizio,17/11/1964,Ancona,244
041022,Banzato,Sabrina Paola,21/02/1964,Castellanza,5
041022,Acquaroli,Francesco,25/09/1974,Macerata,402
041022,Iannetti,Anna Rita,26/08/1953,Brittoli,2
109002,Mangialardi,Maurizio,17/11/1964,Ancona,493
109002,Iannetti,Anna Rita,26/08/1953,Brittoli,2
109002,Mancini,Roberto,,,36
109002,Pasquinelli,Fabio,10/01/1981,Osimo,26
109002,Acquaroli,Francesco,25/09/1974,Macerata,1225
109002,Banzato,Sabrina Paola,21/02/1964,Castellanza,5
109002,Mercorelli,Gian-Mario,06/02/1973,Macerata,82
109003,Mangialardi,Maurizio,17/11/1964,Ancona,81
109003,Iannetti,Anna Rita,26/08/1953,Brittoli,6
109003,Mancini,Roberto,,,5
109003,Pasquinelli,Fabio,10/01/1981,Osimo,2
109003,Acquaroli,Francesco,25/09/1974,Macerata,206
109003,Banzato,Sabrina Paola,21/02/1964,Castellanza,1
109003,Mercorelli,Gian-Mario,06/02/1973,Macerata,7
109004,Mangialardi,Maurizio,17/11/1964,Ancona,398
109004,Iannetti,Anna Rita,26/08/1953,Brittoli,4
109004,Mancini,Roberto,,,12
109004,Pasquinelli,Fabio,10/01/1981,Osimo,21
109004,Acquaroli,Francesco,25/09/1974,Macerata,420
109004,Banzato,Sabrina Paola,21/02/1964,Castellanza,12
109004,Mercorelli,Gian-Mario,06/02/1973,Macerata,76
109005,Mangialardi,Maurizio,17/11/1964,Ancona,452
109005,Iannetti,Anna Rita,26/08/1953,Brittoli,5
109005,Mancini,Roberto,,,34
109005,Pasquinelli,Fabio,10/01/1981,Osimo,27
109005,Acquaroli,Francesco,25/09/1974,Macerata,790
109005,Banzato,Sabrina Paola,21/02/1964,Castellanza,8
109005,Mercorelli,Gian-Mario,06/02/1973,Macerata,120
109006,Mangialardi,Maurizio,17/11/1964,Ancona,6379
109006,Iannetti,Anna Rita,26/08/1953,Brittoli,84
109006,Mancini,Roberto,,,644
109006,Pasquinelli,Fabio,10/01/1981,Osimo,330
109006,Acquaroli,Francesco,25/09/1974,Macerata,9594
109006,Banzato,Sabrina Paola,21/02/1964,Castellanza,105
109006,Mercorelli,Gian-Mario,06/02/1973,Macerata,1569
109007,Mangialardi,Maurizio,17/11/1964,Ancona,164
109007,Iannetti,Anna Rita,26/08/1953,Brittoli,2
109007,Mancini,Roberto,,,8
109007,Pasquinelli,Fabio,10/01/1981,Osimo,5
109007,Acquaroli,Francesco,25/09/1974,Macerata,264
109007,Banzato,Sabrina Paola,21/02/1964,Castellanza,7
109007,Mercorelli,Gian-Mario,06/02/1973,Macerata,23
109008,Mangialardi,Maurizio,17/11/1964,Ancona,496
109008,Iannetti,Anna Rita,26/08/1953,Brittoli,5
109008,Mancini,Roberto,,,24
109008,Pasquinelli,Fabio,10/01/1981,Osimo,29
109008,Acquaroli,Francesco,25/09/1974,Macerata,825
109008,Banzato,Sabrina Paola,21/02/1964,Castellanza,14
109008,Mercorelli,Gian-Mario,06/02/1973,Macerata,102
109009,Mangialardi,Maurizio,17/11/1964,Ancona,173
109009,Iannetti,Anna Rita,26/08/1953,Brittoli,9
109009,Mancini,Roberto,,,34
109009,Pasquinelli,Fabio,10/01/1981,Osimo,6
109009,Acquaroli,Francesco,25/09/1974,Macerata,357
109009,Banzato,Sabrina Paola,21/02/1964,Castellanza,2
109009,Mercorelli,Gian-Mario,06/02/1973,Macerata,40
109010,Mangialardi,Maurizio,17/11/1964,Ancona,275
109010,Iannetti,Anna Rita,26/08/1953,Brittoli,1
109010,Mancini,Roberto,,,7
109010,Pasquinelli,Fabio,10/01/1981,Osimo,15
109010,Acquaroli,Francesco,25/09/1974,Macerata,329
109010,Banzato,Sabrina Paola,21/02/1964,Castellanza,1
109010,Mercorelli,Gian-Mario,06/02/1973,Macerata,51
109011,Mangialardi,Maurizio,17/11/1964,Ancona,230
109011,Iannetti,Anna Rita,26/08/1953,Brittoli,0
109011,Mancini,Roberto,,,12
109011,Pasquinelli,Fabio,10/01/1981,Osimo,10
109011,Acquaroli,Francesco,25/09/1974,Macerata,171
109011,Banzato,Sabrina Paola,21/02/1964,Castellanza,1
109011,Mercorelli,Gian-Mario,06/02/1973,Macerata,30
041023,Mancini,Roberto,,,11
041023,Pasquinelli,Fabio,10/01/1981,Osimo,12
041023,Mercorelli,Gian-Mario,06/02/1973,Macerata,118
041023,Mangialardi,Maurizio,17/11/1964,Ancona,283
041023,Banzato,Sabrina Paola,21/02/1964,Castellanza,4
041023,Acquaroli,Francesco,25/09/1974,Macerata,559
041023,Iannetti,Anna Rita,26/08/1953,Brittoli,4
041001,Mancini,Roberto,,,24
041001,Pasquinelli,Fabio,10/01/1981,Osimo,19
041001,Mercorelli,Gian-Mario,06/02/1973,Macerata,190
041001,Mangialardi,Maurizio,17/11/1964,Ancona,671
041001,Banzato,Sabrina Paola,21/02/1964,Castellanza,6
041001,Acquaroli,Francesco,25/09/1974,Macerata,1210
041001,Iannetti,Anna Rita,26/08/1953,Brittoli,9
109012,Mangialardi,Maurizio,17/11/1964,Ancona,106
109012,Iannetti,Anna Rita,26/08/1953,Brittoli,0
109012,Mancini,Roberto,,,6
109012,Pasquinelli,Fabio,10/01/1981,Osimo,3
109012,Acquaroli,Francesco,25/09/1974,Macerata,227
109012,Banzato,Sabrina Paola,21/02/1964,Castellanza,3
109012,Mercorelli,Gian-Mario,06/02/1973,Macerata,12
109013,Mangialardi,Maurizio,17/11/1964,Ancona,224
109013,Iannetti,Anna Rita,26/08/1953,Brittoli,2
109013,Mancini,Roberto,,,7
109013,Pasquinelli,Fabio,10/01/1981,Osimo,9
109013,Acquaroli,Francesco,25/09/1974,Macerata,501
109013,Banzato,Sabrina Paola,21/02/1964,Castellanza,5
109013,Mercorelli,Gian-Mario,06/02/1973,Macerata,52
109014,Mangialardi,Maurizio,17/11/1964,Ancona,83
109014,Iannetti,Anna Rita,26/08/1953,Brittoli,1
109014,Mancini,Roberto,,,4
109014,Pasquinelli,Fabio,10/01/1981,Osimo,3
109014,Acquaroli,Francesco,25/09/1974,Macerata,108
109014,Banzato,Sabrina Paola,21/02/1964,Castellanza,0
109014,Mercorelli,Gian-Mario,06/02/1973,Macerata,11
109015,Mangialardi,Maurizio,17/11/1964,Ancona,125
109015,Iannetti,Anna Rita,26/08/1953,Brittoli,2
109015,Mancini,Roberto,,,4
109015,Pasquinelli,Fabio,10/01/1981,Osimo,9
109015,Acquaroli,Francesco,25/09/1974,Macerata,537
109015,Banzato,Sabrina Paola,21/02/1964,Castellanza,1
109015,Mercorelli,Gian-Mario,06/02/1973,Macerata,28
109016,Mangialardi,Maurizio,17/11/1964,Ancona,97
109016,Iannetti,Anna Rita,26/08/1953,Brittoli,0
109016,Mancini,Roberto,,,17
109016,Pasquinelli,Fabio,10/01/1981,Osimo,4
109016,Acquaroli,Francesco,25/09/1974,Macerata,224
109016,Banzato,Sabrina Paola,21/02/1964,Castellanza,0
109016,Mercorelli,Gian-Mario,06/02/1973,Macerata,19
109017,Mangialardi,Maurizio,17/11/1964,Ancona,942
109017,Iannetti,Anna Rita,26/08/1953,Brittoli,11
109017,Mancini,Roberto,,,77
109017,Pasquinelli,Fabio,10/01/1981,Osimo,35
109017,Acquaroli,Francesco,25/09/1974,Macerata,1648
109017,Banzato,Sabrina Paola,21/02/1964,Castellanza,18
109017,Mercorelli,Gian-Mario,06/02/1973,Macerata,265
109018,Mangialardi,Maurizio,17/11/1964,Ancona,1523
109018,Iannetti,Anna Rita,26/08/1953,Brittoli,15
109018,Mancini,Roberto,,,101
109018,Pasquinelli,Fabio,10/01/1981,Osimo,84
109018,Acquaroli,Francesco,25/09/1974,Macerata,3792
109018,Banzato,Sabrina Paola,21/02/1964,Castellanza,33
109018,Mercorelli,Gian-Mario,06/02/1973,Macerata,486
109019,Mangialardi,Maurizio,17/11/1964,Ancona,53
109019,Iannetti,Anna Rita,26/08/1953,Brittoli,2
109019,Mancini,Roberto,,,5
109019,Pasquinelli,Fabio,10/01/1981,Osimo,2
109019,Acquaroli,Francesco,25/09/1974,Macerata,149
109019,Banzato,Sabrina Paola,21/02/1964,Castellanza,0
109019,Mercorelli,Gian-Mario,06/02/1973,Macerata,19
109020,Mangialardi,Maurizio,17/11/1964,Ancona,156
109020,Iannetti,Anna Rita,26/08/1953,Brittoli,2
109020,Mancini,Roberto,,,5
109020,Pasquinelli,Fabio,10/01/1981,Osimo,3
109020,Acquaroli,Francesco,25/09/1974,Macerata,235
109020,Banzato,Sabrina Paola,21/02/1964,Castellanza,8
109020,Mercorelli,Gian-Mario,06/02/1973,Macerata,25
109021,Mangialardi,Maurizio,17/11/1964,Ancona,89
109021,Iannetti,Anna Rita,26/08/1953,Brittoli,1
109021,Mancini,Roberto,,,1
109021,Pasquinelli,Fabio,10/01/1981,Osimo,2
109021,Acquaroli,Francesco,25/09/1974,Macerata,91
109021,Banzato,Sabrina Paola,21/02/1964,Castellanza,0
109021,Mercorelli,Gian-Mario,06/02/1973,Macerata,9
041025,Mancini,Roberto,,,1
041025,Pasquinelli,Fabio,10/01/1981,Osimo,10
041025,Mercorelli,Gian-Mario,06/02/1973,Macerata,46
041025,Mangialardi,Maurizio,17/11/1964,Ancona,278
041025,Banzato,Sabrina Paola,21/02/1964,Castellanza,3
041025,Acquaroli,Francesco,25/09/1974,Macerata,385
041025,Iannetti,Anna Rita,26/08/1953,Brittoli,0
109022,Mangialardi,Maurizio,17/11/1964,Ancona,318
109022,Iannetti,Anna Rita,26/08/1953,Brittoli,5
109022,Mancini,Roberto,,,15
109022,Pasquinelli,Fabio,10/01/1981,Osimo,21
109022,Acquaroli,Francesco,25/09/1974,Macerata,698
109022,Banzato,Sabrina Paola,21/02/1964,Castellanza,46
109022,Mercorelli,Gian-Mario,06/02/1973,Macerata,63
109023,Mangialardi,Maurizio,17/11/1964,Ancona,235
109023,Iannetti,Anna Rita,26/08/1953,Brittoli,2
109023,Mancini,Roberto,,,14
109023,Pasquinelli,Fabio,10/01/1981,Osimo,9
109023,Acquaroli,Francesco,25/09/1974,Macerata,723
109023,Banzato,Sabrina Paola,21/02/1964,Castellanza,11
109023,Mercorelli,Gian-Mario,06/02/1973,Macerata,111
109024,Mangialardi,Maurizio,17/11/1964,Ancona,1481
109024,Iannetti,Anna Rita,26/08/1953,Brittoli,10
109024,Mancini,Roberto,,,59
109024,Pasquinelli,Fabio,10/01/1981,Osimo,54
109024,Acquaroli,Francesco,25/09/1974,Macerata,1935
109024,Banzato,Sabrina Paola,21/02/1964,Castellanza,25
109024,Mercorelli,Gian-Mario,06/02/1973,Macerata,250
109025,Mangialardi,Maurizio,17/11/1964,Ancona,83
109025,Iannetti,Anna Rita,26/08/1953,Brittoli,0
109025,Mancini,Roberto,,,1
109025,Pasquinelli,Fabio,10/01/1981,Osimo,6
109025,Acquaroli,Francesco,25/09/1974,Macerata,107
109025,Banzato,Sabrina Paola,21/02/1964,Castellanza,2
109025,Mercorelli,Gian-Mario,06/02/1973,Macerata,18
109026,Mangialardi,Maurizio,17/11/1964,Ancona,157
109026,Iannetti,Anna Rita,26/08/1953,Brittoli,0
109026,Mancini,Roberto,,,5
109026,Pasquinelli,Fabio,10/01/1981,Osimo,8
109026,Acquaroli,Francesco,25/09/1974,Macerata,164
109026,Banzato,Sabrina Paola,21/02/1964,Castellanza,2
109026,Mercorelli,Gian-Mario,06/02/1973,Macerata,31
109027,Mangialardi,Maurizio,17/11/1964,Ancona,248
109027,Iannetti,Anna Rita,26/08/1953,Brittoli,1
109027,Mancini,Roberto,,,7
109027,Pasquinelli,Fabio,10/01/1981,Osimo,2
109027,Acquaroli,Francesco,25/09/1974,Macerata,268
109027,Banzato,Sabrina Paola,21/02/1964,Castellanza,3
109027,Mercorelli,Gian-Mario,06/02/1973,Macerata,29
109028,Mangialardi,Maurizio,17/11/1964,Ancona,84
109028,Iannetti,Anna Rita,26/08/1953,Brittoli,1
109028,Mancini,Roberto,,,7
109028,Pasquinelli,Fabio,10/01/1981,Osimo,3
109028,Acquaroli,Francesco,25/09/1974,Macerata,156
109028,Banzato,Sabrina Paola,21/02/1964,Castellanza,5
109028,Mercorelli,Gian-Mario,06/02/1973,Macerata,19
109029,Mangialardi,Maurizio,17/11/1964,Ancona,261
109029,Iannetti,Anna Rita,26/08/1953,Brittoli,1
109029,Mancini,Roberto,,,11
109029,Pasquinelli,Fabio,10/01/1981,Osimo,5
109029,Acquaroli,Francesco,25/09/1974,Macerata,142
109029,Banzato,Sabrina Paola,21/02/1964,Castellanza,1
109029,Mercorelli,Gian-Mario,06/02/1973,Macerata,27
109030,Mangialardi,Maurizio,17/11/1964,Ancona,415
109030,Iannetti,Anna Rita,26/08/1953,Brittoli,8
109030,Mancini,Roberto,,,19
109030,Pasquinelli,Fabio,10/01/1981,Osimo,19
109030,Acquaroli,Francesco,25/09/1974,Macerata,743
109030,Banzato,Sabrina Paola,21/02/1964,Castellanza,5
109030,Mercorelli,Gian-Mario,06/02/1973,Macerata,102
109031,Mangialardi,Maurizio,17/11/1964,Ancona,308
109031,Iannetti,Anna Rita,26/08/1953,Brittoli,9
109031,Mancini,Roberto,,,15
109031,Pasquinelli,Fabio,10/01/1981,Osimo,40
109031,Acquaroli,Francesco,25/09/1974,Macerata,679
109031,Banzato,Sabrina Paola,21/02/1964,Castellanza,6
109031,Mercorelli,Gian-Mario,06/02/1973,Macerata,75
041026,Mancini,Roberto,,,10
041026,Pasquinelli,Fabio,10/01/1981,Osimo,4
041026,Mercorelli,Gian-Mario,06/02/1973,Macerata,47
041026,Mangialardi,Maurizio,17/11/1964,Ancona,160
041026,Banzato,Sabrina Paola,21/02/1964,Castellanza,5
041026,Acquaroli,Francesco,25/09/1974,Macerata,257
041026,Iannetti,Anna Rita,26/08/1953,Brittoli,4
109032,Mangialardi,Maurizio,17/11/1964,Ancona,278
109032,Iannetti,Anna Rita,26/08/1953,Brittoli,7
109032,Mancini,Roberto,,,18
109032,Pasquinelli,Fabio,10/01/1981,Osimo,11
109032,Acquaroli,Francesco,25/09/1974,Macerata,410
109032,Banzato,Sabrina Paola,21/02/1964,Castellanza,7
109032,Mercorelli,Gian-Mario,06/02/1973,Macerata,77
109033,Mangialardi,Maurizio,17/11/1964,Ancona,2551
109033,Iannetti,Anna Rita,26/08/1953,Brittoli,42
109033,Mancini,Roberto,,,237
109033,Pasquinelli,Fabio,10/01/1981,Osimo,116
109033,Acquaroli,Francesco,25/09/1974,Macerata,4280
109033,Banzato,Sabrina Paola,21/02/1964,Castellanza,50
109033,Mercorelli,Gian-Mario,06/02/1973,Macerata,582
109034,Mangialardi,Maurizio,17/11/1964,Ancona,3470
109034,Iannetti,Anna Rita,26/08/1953,Brittoli,61
109034,Mancini,Roberto,,,230
109034,Pasquinelli,Fabio,10/01/1981,Osimo,146
109034,Acquaroli,Francesco,25/09/1974,Macerata,6156
109034,Banzato,Sabrina Paola,21/02/1964,Castellanza,89
109034,Mercorelli,Gian-Mario,06/02/1973,Macerata,997
109035,Mangialardi,Maurizio,17/11/1964,Ancona,240
109035,Iannetti,Anna Rita,26/08/1953,Brittoli,4
109035,Mancini,Roberto,,,13
109035,Pasquinelli,Fabio,10/01/1981,Osimo,10
109035,Acquaroli,Francesco,25/09/1974,Macerata,573
109035,Banzato,Sabrina Paola,21/02/1964,Castellanza,4
109035,Mercorelli,Gian-Mario,06/02/1973,Macerata,85
109036,Mangialardi,Maurizio,17/11/1964,Ancona,243
109036,Iannetti,Anna Rita,26/08/1953,Brittoli,3
109036,Mancini,Roberto,,,18
109036,Pasquinelli,Fabio,10/01/1981,Osimo,5
109036,Acquaroli,Francesco,25/09/1974,Macerata,413
109036,Banzato,Sabrina Paola,21/02/1964,Castellanza,2
109036,Mercorelli,Gian-Mario,06/02/1973,Macerata,56
109037,Mangialardi,Maurizio,17/11/1964,Ancona,3180
109037,Iannetti,Anna Rita,26/08/1953,Brittoli,32
109037,Mancini,Roberto,,,111
109037,Pasquinelli,Fabio,10/01/1981,Osimo,82
109037,Acquaroli,Francesco,25/09/1974,Macerata,3670
109037,Banzato,Sabrina Paola,21/02/1964,Castellanza,67
109037,Mercorelli,Gian-Mario,06/02/1973,Macerata,673
109038,Mangialardi,Maurizio,17/11/1964,Ancona,233
109038,Iannetti,Anna Rita,26/08/1953,Brittoli,3
109038,Mancini,Roberto,,,22
109038,Pasquinelli,Fabio,10/01/1981,Osimo,7
109038,Acquaroli,Francesco,25/09/1974,Macerata,925
109038,Banzato,Sabrina Paola,21/02/1964,Castellanza,6
109038,Mercorelli,Gian-Mario,06/02/1973,Macerata,48
109039,Mangialardi,Maurizio,17/11/1964,Ancona,52
109039,Iannetti,Anna Rita,26/08/1953,Brittoli,0
109039,Mancini,Roberto,,,2
109039,Pasquinelli,Fabio,10/01/1981,Osimo,2
109039,Acquaroli,Francesco,25/09/1974,Macerata,127
109039,Banzato,Sabrina Paola,21/02/1964,Castellanza,0
109039,Mercorelli,Gian-Mario,06/02/1973,Macerata,5
109040,Mangialardi,Maurizio,17/11/1964,Ancona,160
109040,Iannetti,Anna Rita,26/08/1953,Brittoli,7
109040,Mancini,Roberto,,,12
109040,Pasquinelli,Fabio,10/01/1981,Osimo,12
109040,Acquaroli,Francesco,25/09/1974,Macerata,631
109040,Banzato,Sabrina Paola,21/02/1964,Castellanza,8
109040,Mercorelli,Gian-Mario,06/02/1973,Macerata,72
041027,Mancini,Roberto,,,15
041027,Pasquinelli,Fabio,10/01/1981,Osimo,7
041027,Mercorelli,Gian-Mario,06/02/1973,Macerata,82
041027,Mangialardi,Maurizio,17/11/1964,Ancona,294
041027,Banzato,Sabrina Paola,21/02/1964,Castellanza,8
041027,Acquaroli,Francesco,25/09/1974,Macerata,547
041027,Iannetti,Anna Rita,26/08/1953,Brittoli,10
041028,Mancini,Roberto,,,25
041028,Pasquinelli,Fabio,10/01/1981,Osimo,25
041028,Mercorelli,Gian-Mario,06/02/1973,Macerata,156
041028,Mangialardi,Maurizio,17/11/1964,Ancona,1144
041028,Banzato,Sabrina Paola,21/02/1964,Castellanza,12
041028,Acquaroli,Francesco,25/09/1974,Macerata,641
041028,Iannetti,Anna Rita,26/08/1953,Brittoli,10
041029,Mancini,Roberto,,,97
041029,Pasquinelli,Fabio,10/01/1981,Osimo,87
041029,Mercorelli,Gian-Mario,06/02/1973,Macerata,671
041029,Mangialardi,Maurizio,17/11/1964,Ancona,2804
041029,Banzato,Sabrina Paola,21/02/1964,Castellanza,68
041029,Acquaroli,Francesco,25/09/1974,Macerata,2910
041029,Iannetti,Anna Rita,26/08/1953,Brittoli,46
041030,Mancini,Roberto,,,10
041030,Pasquinelli,Fabio,10/01/1981,Osimo,23
041030,Mercorelli,Gian-Mario,06/02/1973,Macerata,143
041030,Mangialardi,Maurizio,17/11/1964,Ancona,684
041030,Banzato,Sabrina Paola,21/02/1964,Castellanza,4
041030,Acquaroli,Francesco,25/09/1974,Macerata,493
041030,Iannetti,Anna Rita,26/08/1953,Brittoli,13
041031,Mancini,Roberto,,,0
041031,Pasquinelli,Fabio,10/01/1981,Osimo,12
041031,Mercorelli,Gian-Mario,06/02/1973,Macerata,28
041031,Mangialardi,Maurizio,17/11/1964,Ancona,150
041031,Banzato,Sabrina Paola,21/02/1964,Castellanza,7
041031,Acquaroli,Francesco,25/09/1974,Macerata,140
041031,Iannetti,Anna Rita,26/08/1953,Brittoli,3
041032,Mancini,Roberto,,,0
041032,Pasquinelli,Fabio,10/01/1981,Osimo,0
041032,Mercorelli,Gian-Mario,06/02/1973,Macerata,0
041032,Mangialardi,Maurizio,17/11/1964,Ancona,0
041032,Banzato,Sabrina Paola,21/02/1964,Castellanza,0
041032,Acquaroli,Francesco,25/09/1974,Macerata,0
041032,Iannetti,Anna Rita,26/08/1953,Brittoli,0
041033,Mancini,Roberto,,,2
041033,Pasquinelli,Fabio,10/01/1981,Osimo,7
041033,Mercorelli,Gian-Mario,06/02/1973,Macerata,34
041033,Mangialardi,Maurizio,17/11/1964,Ancona,260
041033,Banzato,Sabrina Paola,21/02/1964,Castellanza,5
041033,Acquaroli,Francesco,25/09/1974,Macerata,279
041033,Iannetti,Anna Rita,26/08/1953,Brittoli,1
041034,Mancini,Roberto,,,9
041034,Pasquinelli,Fabio,10/01/1981,Osimo,12
041034,Mercorelli,Gian-Mario,06/02/1973,Macerata,116
041034,Mangialardi,Maurizio,17/11/1964,Ancona,412
041034,Banzato,Sabrina Paola,21/02/1964,Castellanza,22
041034,Acquaroli,Francesco,25/09/1974,Macerata,816
041034,Iannetti,Anna Rita,26/08/1953,Brittoli,9
041002,Mancini,Roberto,,,6
041002,Pasquinelli,Fabio,10/01/1981,Osimo,25
041002,Mercorelli,Gian-Mario,06/02/1973,Macerata,33
041002,Mangialardi,Maurizio,17/11/1964,Ancona,310
041002,Banzato,Sabrina Paola,21/02/1964,Castellanza,3
041002,Acquaroli,Francesco,25/09/1974,Macerata,589
041002,Iannetti,Anna Rita,26/08/1953,Brittoli,1
041035,Mancini,Roberto,,,2
041035,Pasquinelli,Fabio,10/01/1981,Osimo,11
041035,Mercorelli,Gian-Mario,06/02/1973,Macerata,54
041035,Mangialardi,Maurizio,17/11/1964,Ancona,217
041035,Banzato,Sabrina Paola,21/02/1964,Castellanza,3
041035,Acquaroli,Francesco,25/09/1974,Macerata,290
041035,Iannetti,Anna Rita,26/08/1953,Brittoli,7
041036,Mancini,Roberto,,,43
041036,Pasquinelli,Fabio,10/01/1981,Osimo,37
041036,Mercorelli,Gian-Mario,06/02/1973,Macerata,489
041036,Mangialardi,Maurizio,17/11/1964,Ancona,1048
041036,Banzato,Sabrina Paola,21/02/1964,Castellanza,14
041036,Acquaroli,Francesco,25/09/1974,Macerata,1274
041036,Iannetti,Anna Rita,26/08/1953,Brittoli,25
041038,Mancini,Roberto,,,19
041038,Pasquinelli,Fabio,10/01/1981,Osimo,38
041038,Mercorelli,Gian-Mario,06/02/1973,Macerata,134
041038,Mangialardi,Maurizio,17/11/1964,Ancona,493
041038,Banzato,Sabrina Paola,21/02/1964,Castellanza,7
041038,Acquaroli,Francesco,25/09/1974,Macerata,558
041038,Iannetti,Anna Rita,26/08/1953,Brittoli,4
041041,Mancini,Roberto,,,1
041041,Pasquinelli,Fabio,10/01/1981,Osimo,6
041041,Mercorelli,Gian-Mario,06/02/1973,Macerata,16
041041,Mangialardi,Maurizio,17/11/1964,Ancona,243
041041,Banzato,Sabrina Paola,21/02/1964,Castellanza,1
041041,Acquaroli,Francesco,25/09/1974,Macerata,116
041041,Iannetti,Anna Rita,26/08/1953,Brittoli,2
041043,Mancini,Roberto,,,48
041043,Pasquinelli,Fabio,10/01/1981,Osimo,18
041043,Mercorelli,Gian-Mario,06/02/1973,Macerata,114
041043,Mangialardi,Maurizio,17/11/1964,Ancona,1163
041043,Banzato,Sabrina Paola,21/02/1964,Castellanza,12
041043,Acquaroli,Francesco,25/09/1974,Macerata,1867
041043,Iannetti,Anna Rita,26/08/1953,Brittoli,5
041044,Mancini,Roberto,,,834
041044,Pasquinelli,Fabio,10/01/1981,Osimo,605
041044,Mercorelli,Gian-Mario,06/02/1973,Macerata,3920
041044,Mangialardi,Maurizio,17/11/1964,Ancona,21465
041044,Banzato,Sabrina Paola,21/02/1964,Castellanza,269
041044,Acquaroli,Francesco,25/09/1974,Macerata,20026
041044,Iannetti,Anna Rita,26/08/1953,Brittoli,497
041045,Mancini,Roberto,,,5
041045,Pasquinelli,Fabio,10/01/1981,Osimo,18
041045,Mercorelli,Gian-Mario,06/02/1973,Macerata,84
041045,Mangialardi,Maurizio,17/11/1964,Ancona,299
041045,Banzato,Sabrina Paola,21/02/1964,Castellanza,11
041045,Acquaroli,Francesco,25/09/1974,Macerata,908
041045,Iannetti,Anna Rita,26/08/1953,Brittoli,3
041047,Mancini,Roberto,,,3
041047,Pasquinelli,Fabio,10/01/1981,Osimo,14
041047,Mercorelli,Gian-Mario,06/02/1973,Macerata,105
041047,Mangialardi,Maurizio,17/11/1964,Ancona,289
041047,Banzato,Sabrina Paola,21/02/1964,Castellanza,4
041047,Acquaroli,Francesco,25/09/1974,Macerata,547
041047,Iannetti,Anna Rita,26/08/1953,Brittoli,17
041048,Mancini,Roberto,,,0
041048,Pasquinelli,Fabio,10/01/1981,Osimo,12
041048,Mercorelli,Gian-Mario,06/02/1973,Macerata,83
041048,Mangialardi,Maurizio,17/11/1964,Ancona,90
041048,Banzato,Sabrina Paola,21/02/1964,Castellanza,0
041048,Acquaroli,Francesco,25/09/1974,Macerata,140
041048,Iannetti,Anna Rita,26/08/1953,Brittoli,1
041049,Mancini,Roberto,,,10
041049,Pasquinelli,Fabio,10/01/1981,Osimo,4
041049,Mercorelli,Gian-Mario,06/02/1973,Macerata,55
041049,Mangialardi,Maurizio,17/11/1964,Ancona,253
041049,Banzato,Sabrina Paola,21/02/1964,Castellanza,2
041049,Acquaroli,Francesco,25/09/1974,Macerata,640
041049,Iannetti,Anna Rita,26/08/1953,Brittoli,3
041005,Mancini,Roberto,,,3
041005,Pasquinelli,Fabio,10/01/1981,Osimo,4
041005,Mercorelli,Gian-Mario,06/02/1973,Macerata,27
041005,Mangialardi,Maurizio,17/11/1964,Ancona,88
041005,Banzato,Sabrina Paola,21/02/1964,Castellanza,0
041005,Acquaroli,Francesco,25/09/1974,Macerata,235
041005,Iannetti,Anna Rita,26/08/1953,Brittoli,2
041051,Mancini,Roberto,,,29
041051,Pasquinelli,Fabio,10/01/1981,Osimo,22
041051,Mercorelli,Gian-Mario,06/02/1973,Macerata,195
041051,Mangialardi,Maurizio,17/11/1964,Ancona,865
041051,Banzato,Sabrina Paola,21/02/1964,Castellanza,19
041051,Acquaroli,Francesco,25/09/1974,Macerata,1060
041051,Iannetti,Anna Rita,26/08/1953,Brittoli,19
041054,Mancini,Roberto,,,25
041054,Pasquinelli,Fabio,10/01/1981,Osimo,23
041054,Mercorelli,Gian-Mario,06/02/1973,Macerata,133
041054,Mangialardi,Maurizio,17/11/1964,Ancona,659
041054,Banzato,Sabrina Paola,21/02/1964,Castellanza,6
041054,Acquaroli,Francesco,25/09/1974,Macerata,769
041054,Iannetti,Anna Rita,26/08/1953,Brittoli,6
041057,Mancini,Roberto,,,12
041057,Pasquinelli,Fabio,10/01/1981,Osimo,31
041057,Mercorelli,Gian-Mario,06/02/1973,Macerata,124
041057,Mangialardi,Maurizio,17/11/1964,Ancona,778
041057,Banzato,Sabrina Paola,21/02/1964,Castellanza,10
041057,Acquaroli,Francesco,25/09/1974,Macerata,1286
041057,Iannetti,Anna Rita,26/08/1953,Brittoli,7
041058,Mancini,Roberto,,,11
041058,Pasquinelli,Fabio,10/01/1981,Osimo,8
041058,Mercorelli,Gian-Mario,06/02/1973,Macerata,58
041058,Mangialardi,Maurizio,17/11/1964,Ancona,260
041058,Banzato,Sabrina Paola,21/02/1964,Castellanza,5
041058,Acquaroli,Francesco,25/09/1974,Macerata,413
041058,Iannetti,Anna Rita,26/08/1953,Brittoli,5
041060,Mancini,Roberto,,,3
041060,Pasquinelli,Fabio,10/01/1981,Osimo,14
041060,Mercorelli,Gian-Mario,06/02/1973,Macerata,66
041060,Mangialardi,Maurizio,17/11/1964,Ancona,120
041060,Banzato,Sabrina Paola,21/02/1964,Castellanza,9
041060,Acquaroli,Francesco,25/09/1974,Macerata,362
041060,Iannetti,Anna Rita,26/08/1953,Brittoli,9
041061,Mancini,Roberto,,,6
041061,Pasquinelli,Fabio,10/01/1981,Osimo,8
041061,Mercorelli,Gian-Mario,06/02/1973,Macerata,24
041061,Mangialardi,Maurizio,17/11/1964,Ancona,223
041061,Banzato,Sabrina Paola,21/02/1964,Castellanza,2
041061,Acquaroli,Francesco,25/09/1974,Macerata,219
041061,Iannetti,Anna Rita,26/08/1953,Brittoli,1
041064,Mancini,Roberto,,,5
041064,Pasquinelli,Fabio,10/01/1981,Osimo,12
041064,Mercorelli,Gian-Mario,06/02/1973,Macerata,29
041064,Mangialardi,Maurizio,17/11/1964,Ancona,144
041064,Banzato,Sabrina Paola,21/02/1964,Castellanza,4
041064,Acquaroli,Francesco,25/09/1974,Macerata,210
041064,Iannetti,Anna Rita,26/08/1953,Brittoli,2
041065,Mancini,Roberto,,,20
041065,Pasquinelli,Fabio,10/01/1981,Osimo,58
041065,Mercorelli,Gian-Mario,06/02/1973,Macerata,523
041065,Mangialardi,Maurizio,17/11/1964,Ancona,1114
041065,Banzato,Sabrina Paola,21/02/1964,Castellanza,18
041065,Acquaroli,Francesco,25/09/1974,Macerata,1555
041065,Iannetti,Anna Rita,26/08/1953,Brittoli,35
041066,Mancini,Roberto,,,17
041066,Pasquinelli,Fabio,10/01/1981,Osimo,48
041066,Mercorelli,Gian-Mario,06/02/1973,Macerata,253
041066,Mangialardi,Maurizio,17/11/1964,Ancona,1542
041066,Banzato,Sabrina Paola,21/02/1964,Castellanza,25
041066,Acquaroli,Francesco,25/09/1974,Macerata,1658
041066,Iannetti,Anna Rita,26/08/1953,Brittoli,18
041067,Mancini,Roberto,,,168
041067,Pasquinelli,Fabio,10/01/1981,Osimo,123
041067,Mercorelli,Gian-Mario,06/02/1973,Macerata,600
041067,Mangialardi,Maurizio,17/11/1964,Ancona,3273
041067,Banzato,Sabrina Paola,21/02/1964,Castellanza,39
041067,Acquaroli,Francesco,25/09/1974,Macerata,3157
041067,Iannetti,Anna Rita,26/08/1953,Brittoli,39
041006,Mancini,Roberto,,,1
041006,Pasquinelli,Fabio,10/01/1981,Osimo,10
041006,Mercorelli,Gian-Mario,06/02/1973,Macerata,11
041006,Mangialardi,Maurizio,17/11/1964,Ancona,116
041006,Banzato,Sabrina Paola,21/02/1964,Castellanza,0
041006,Acquaroli,Francesco,25/09/1974,Macerata,155
041006,Iannetti,Anna Rita,26/08/1953,Brittoli,0
041068,Mancini,Roberto,,,56
041068,Pasquinelli,Fabio,10/01/1981,Osimo,71
041068,Mercorelli,Gian-Mario,06/02/1973,Macerata,863
041068,Mangialardi,Maurizio,17/11/1964,Ancona,2408
041068,Banzato,Sabrina Paola,21/02/1964,Castellanza,35
041068,Acquaroli,Francesco,25/09/1974,Macerata,2803
041068,Iannetti,Anna Rita,26/08/1953,Brittoli,70
041069,Mancini,Roberto,,,67
041069,Pasquinelli,Fabio,10/01/1981,Osimo,56
041069,Mercorelli,Gian-Mario,06/02/1973,Macerata,554
041069,Mangialardi,Maurizio,17/11/1964,Ancona,1599
041069,Banzato,Sabrina Paola,21/02/1964,Castellanza,40
041069,Acquaroli,Francesco,25/09/1974,Macerata,3383
041069,Iannetti,Anna Rita,26/08/1953,Brittoli,41
041070,Mancini,Roberto,,,42
041070,Pasquinelli,Fabio,10/01/1981,Osimo,37
041070,Mercorelli,Gian-Mario,06/02/1973,Macerata,218
041070,Mangialardi,Maurizio,17/11/1964,Ancona,1123
041070,Banzato,Sabrina Paola,21/02/1964,Castellanza,16
041070,Acquaroli,Francesco,25/09/1974,Macerata,1189
041070,Iannetti,Anna Rita,26/08/1953,Brittoli,10
041071,Mancini,Roberto,,,15
041071,Pasquinelli,Fabio,10/01/1981,Osimo,41
041071,Mercorelli,Gian-Mario,06/02/1973,Macerata,275
041071,Mangialardi,Maurizio,17/11/1964,Ancona,800
041071,Banzato,Sabrina Paola,21/02/1964,Castellanza,14
041071,Acquaroli,Francesco,25/09/1974,Macerata,1343
041071,Iannetti,Anna Rita,26/08/1953,Brittoli,12
042001,Banzato,Sabrina Paola,21/02/1964,Castellanza,11
042001,Iannetti,Anna Rita,26/08/1953,Brittoli,13
042001,Mangialardi,Maurizio,17/11/1964,Ancona,1057
042001,Mercorelli,Gian-Mario,06/02/1973,Macerata,239
042001,Mancini,Roberto,,,55
042001,Pasquinelli,Fabio,10/01/1981,Osimo,32
042001,Acquaroli,Francesco,25/09/1974,Macerata,969
042002,Banzato,Sabrina Paola,21/02/1964,Castellanza,264
042002,Iannetti,Anna Rita,26/08/1953,Brittoli,220
042002,Mangialardi,Maurizio,17/11/1964,Ancona,21660
042002,Mercorelli,Gian-Mario,06/02/1973,Macerata,3818
042002,Mancini,Roberto,,,1318
042002,Pasquinelli,Fabio,10/01/1981,Osimo,682
042002,Acquaroli,Francesco,25/09/1974,Macerata,17649
042003,Banzato,Sabrina Paola,21/02/1964,Castellanza,11
042003,Iannetti,Anna Rita,26/08/1953,Brittoli,20
042003,Mangialardi,Maurizio,17/11/1964,Ancona,994
042003,Mercorelli,Gian-Mario,06/02/1973,Macerata,156
042003,Mancini,Roberto,,,42
042003,Pasquinelli,Fabio,10/01/1981,Osimo,50
042003,Acquaroli,Francesco,25/09/1974,Macerata,940
042004,Banzato,Sabrina Paola,21/02/1964,Castellanza,8
042004,Iannetti,Anna Rita,26/08/1953,Brittoli,10
042004,Mangialardi,Maurizio,17/11/1964,Ancona,317
042004,Mercorelli,Gian-Mario,06/02/1973,Macerata,46
042004,Mancini,Roberto,,,15
042004,Pasquinelli,Fabio,10/01/1981,Osimo,10
042004,Acquaroli,Francesco,25/09/1974,Macerata,288
042005,Banzato,Sabrina Paola,21/02/1964,Castellanza,9
042005,Iannetti,Anna Rita,26/08/1953,Brittoli,4
042005,Mangialardi,Maurizio,17/11/1964,Ancona,443
042005,Mercorelli,Gian-Mario,06/02/1973,Macerata,55
042005,Mancini,Roberto,,,14
042005,Pasquinelli,Fabio,10/01/1981,Osimo,15
042005,Acquaroli,Francesco,25/09/1974,Macerata,480
042006,Banzato,Sabrina Paola,21/02/1964,Castellanza,28
042006,Iannetti,Anna Rita,26/08/1953,Brittoli,26
042006,Mangialardi,Maurizio,17/11/1964,Ancona,1358
042006,Mercorelli,Gian-Mario,06/02/1973,Macerata,407
042006,Mancini,Roberto,,,59
042006,Pasquinelli,Fabio,10/01/1981,Osimo,53
042006,Acquaroli,Francesco,25/09/1974,Macerata,1670
041007,Mancini,Roberto,,,67
041007,Pasquinelli,Fabio,10/01/1981,Osimo,68
041007,Mercorelli,Gian-Mario,06/02/1973,Macerata,372
041007,Mangialardi,Maurizio,17/11/1964,Ancona,1586
041007,Banzato,Sabrina Paola,21/02/1964,Castellanza,21
041007,Acquaroli,Francesco,25/09/1974,Macerata,1992
041007,Iannetti,Anna Rita,26/08/1953,Brittoli,12
042007,Banzato,Sabrina Paola,21/02/1964,Castellanza,12
042007,Iannetti,Anna Rita,26/08/1953,Brittoli,10
042007,Mangialardi,Maurizio,17/11/1964,Ancona,454
042007,Mercorelli,Gian-Mario,06/02/1973,Macerata,144
042007,Mancini,Roberto,,,49
042007,Pasquinelli,Fabio,10/01/1981,Osimo,20
042007,Acquaroli,Francesco,25/09/1974,Macerata,572
042008,Banzato,Sabrina Paola,21/02/1964,Castellanza,12
042008,Iannetti,Anna Rita,26/08/1953,Brittoli,24
042008,Mangialardi,Maurizio,17/11/1964,Ancona,977
042008,Mercorelli,Gian-Mario,06/02/1973,Macerata,260
042008,Mancini,Roberto,,,58
042008,Pasquinelli,Fabio,10/01/1981,Osimo,42
042008,Acquaroli,Francesco,25/09/1974,Macerata,1014
042010,Banzato,Sabrina Paola,21/02/1964,Castellanza,49
042010,Iannetti,Anna Rita,26/08/1953,Brittoli,61
042010,Mangialardi,Maurizio,17/11/1964,Ancona,2843
042010,Mercorelli,Gian-Mario,06/02/1973,Macerata,1109
042010,Mancini,Roberto,,,114
042010,Pasquinelli,Fabio,10/01/1981,Osimo,145
042010,Acquaroli,Francesco,25/09/1974,Macerata,4016
042011,Banzato,Sabrina Paola,21/02/1964,Castellanza,7
042011,Iannetti,Anna Rita,26/08/1953,Brittoli,3
042011,Mangialardi,Maurizio,17/11/1964,Ancona,370
042011,Mercorelli,Gian-Mario,06/02/1973,Macerata,56
042011,Mancini,Roberto,,,12
042011,Pasquinelli,Fabio,10/01/1981,Osimo,11
042011,Acquaroli,Francesco,25/09/1974,Macerata,409
042012,Banzato,Sabrina Paola,21/02/1964,Castellanza,6
042012,Iannetti,Anna Rita,26/08/1953,Brittoli,7
042012,Mangialardi,Maurizio,17/11/1964,Ancona,760
042012,Mercorelli,Gian-Mario,06/02/1973,Macerata,163
042012,Mancini,Roberto,,,40
042012,Pasquinelli,Fabio,10/01/1981,Osimo,28
042012,Acquaroli,Francesco,25/09/1974,Macerata,627
042013,Banzato,Sabrina Paola,21/02/1964,Castellanza,11
042013,Iannetti,Anna Rita,26/08/1953,Brittoli,11
042013,Mangialardi,Maurizio,17/11/1964,Ancona,671
042013,Mercorelli,Gian-Mario,06/02/1973,Macerata,206
042013,Mancini,Roberto,,,24
042013,Pasquinelli,Fabio,10/01/1981,Osimo,47
042013,Acquaroli,Francesco,25/09/1974,Macerata,772
042014,Banzato,Sabrina Paola,21/02/1964,Castellanza,33
042014,Iannetti,Anna Rita,26/08/1953,Brittoli,43
042014,Mangialardi,Maurizio,17/11/1964,Ancona,3554
042014,Mercorelli,Gian-Mario,06/02/1973,Macerata,656
042014,Mancini,Roberto,,,244
042014,Pasquinelli,Fabio,10/01/1981,Osimo,117
042014,Acquaroli,Francesco,25/09/1974,Macerata,2546
042015,Banzato,Sabrina Paola,21/02/1964,Castellanza,15
042015,Iannetti,Anna Rita,26/08/1953,Brittoli,7
042015,Mangialardi,Maurizio,17/11/1964,Ancona,1023
042015,Mercorelli,Gian-Mario,06/02/1973,Macerata,167
042015,Mancini,Roberto,,,79
042015,Pasquinelli,Fabio,10/01/1981,Osimo,46
042015,Acquaroli,Francesco,25/09/1974,Macerata,1237
042016,Banzato,Sabrina Paola,21/02/1964,Castellanza,13
042016,Iannetti,Anna Rita,26/08/1953,Brittoli,19
042016,Mangialardi,Maurizio,17/11/1964,Ancona,893
042016,Mercorelli,Gian-Mario,06/02/1973,Macerata,219
042016,Mancini,Roberto,,,40
042016,Pasquinelli,Fabio,10/01/1981,Osimo,66
042016,Acquaroli,Francesco,25/09/1974,Macerata,835
042017,Banzato,Sabrina Paola,21/02/1964,Castellanza,81
042017,Iannetti,Anna Rita,26/08/1953,Brittoli,53
042017,Mangialardi,Maurizio,17/11/1964,Ancona,5006
042017,Mercorelli,Gian-Mario,06/02/1973,Macerata,1716
042017,Mancini,Roberto,,,213
042017,Pasquinelli,Fabio,10/01/1981,Osimo,245
042017,Acquaroli,Francesco,25/09/1974,Macerata,6738
041008,Mancini,Roberto,,,19
041008,Pasquinelli,Fabio,10/01/1981,Osimo,24
041008,Mercorelli,Gian-Mario,06/02/1973,Macerata,93
041008,Mangialardi,Maurizio,17/11/1964,Ancona,531
041008,Banzato,Sabrina Paola,21/02/1964,Castellanza,6
041008,Acquaroli,Francesco,25/09/1974,Macerata,460
041008,Iannetti,Anna Rita,26/08/1953,Brittoli,3
042018,Banzato,Sabrina Paola,21/02/1964,Castellanza,64
042018,Iannetti,Anna Rita,26/08/1953,Brittoli,52
042018,Mangialardi,Maurizio,17/11/1964,Ancona,5396
042018,Mercorelli,Gian-Mario,06/02/1973,Macerata,1004
042018,Mancini,Roberto,,,780
042018,Pasquinelli,Fabio,10/01/1981,Osimo,203
042018,Acquaroli,Francesco,25/09/1974,Macerata,5108
042019,Banzato,Sabrina Paola,21/02/1964,Castellanza,26
042019,Iannetti,Anna Rita,26/08/1953,Brittoli,20
042019,Mangialardi,Maurizio,17/11/1964,Ancona,1413
042019,Mercorelli,Gian-Mario,06/02/1973,Macerata,280
042019,Mancini,Roberto,,,94
042019,Pasquinelli,Fabio,10/01/1981,Osimo,56
042019,Acquaroli,Francesco,25/09/1974,Macerata,2507
042020,Banzato,Sabrina Paola,21/02/1964,Castellanza,9
042020,Iannetti,Anna Rita,26/08/1953,Brittoli,9
042020,Mangialardi,Maurizio,17/11/1964,Ancona,345
042020,Mercorelli,Gian-Mario,06/02/1973,Macerata,80
042020,Mancini,Roberto,,,15
042020,Pasquinelli,Fabio,10/01/1981,Osimo,12
042020,Acquaroli,Francesco,25/09/1974,Macerata,467
042021,Banzato,Sabrina Paola,21/02/1964,Castellanza,131
042021,Iannetti,Anna Rita,26/08/1953,Brittoli,95
042021,Mangialardi,Maurizio,17/11/1964,Ancona,8897
042021,Mercorelli,Gian-Mario,06/02/1973,Macerata,1634
042021,Mancini,Roberto,,,1011
042021,Pasquinelli,Fabio,10/01/1981,Osimo,381
042021,Acquaroli,Francesco,25/09/1974,Macerata,7158
042022,Banzato,Sabrina Paola,21/02/1964,Castellanza,34
042022,Iannetti,Anna Rita,26/08/1953,Brittoli,34
042022,Mangialardi,Maurizio,17/11/1964,Ancona,1883
042022,Mercorelli,Gian-Mario,06/02/1973,Macerata,576
042022,Mancini,Roberto,,,115
042022,Pasquinelli,Fabio,10/01/1981,Osimo,93
042022,Acquaroli,Francesco,25/09/1974,Macerata,3982
042023,Banzato,Sabrina Paola,21/02/1964,Castellanza,15
042023,Iannetti,Anna Rita,26/08/1953,Brittoli,13
042023,Mangialardi,Maurizio,17/11/1964,Ancona,1272
042023,Mercorelli,Gian-Mario,06/02/1973,Macerata,304
042023,Mancini,Roberto,,,98
042023,Pasquinelli,Fabio,10/01/1981,Osimo,41
042023,Acquaroli,Francesco,25/09/1974,Macerata,1313
042024,Banzato,Sabrina Paola,21/02/1964,Castellanza,8
042024,Iannetti,Anna Rita,26/08/1953,Brittoli,2
042024,Mangialardi,Maurizio,17/11/1964,Ancona,198
042024,Mercorelli,Gian-Mario,06/02/1973,Macerata,28
042024,Mancini,Roberto,,,11
042024,Pasquinelli,Fabio,10/01/1981,Osimo,9
042024,Acquaroli,Francesco,25/09/1974,Macerata,287
042025,Banzato,Sabrina Paola,21/02/1964,Castellanza,4
042025,Iannetti,Anna Rita,26/08/1953,Brittoli,8
042025,Mangialardi,Maurizio,17/11/1964,Ancona,772
042025,Mercorelli,Gian-Mario,06/02/1973,Macerata,175
042025,Mancini,Roberto,,,125
042025,Pasquinelli,Fabio,10/01/1981,Osimo,37
042025,Acquaroli,Francesco,25/09/1974,Macerata,675
042026,Banzato,Sabrina Paola,21/02/1964,Castellanza,3
042026,Iannetti,Anna Rita,26/08/1953,Brittoli,13
042026,Mangialardi,Maurizio,17/11/1964,Ancona,540
042026,Mercorelli,Gian-Mario,06/02/1973,Macerata,89
042026,Mancini,Roberto,,,17
042026,Pasquinelli,Fabio,10/01/1981,Osimo,17
042026,Acquaroli,Francesco,25/09/1974,Macerata,296
042027,Banzato,Sabrina Paola,21/02/1964,Castellanza,24
042027,Iannetti,Anna Rita,26/08/1953,Brittoli,43
042027,Mangialardi,Maurizio,17/11/1964,Ancona,2271
042027,Mercorelli,Gian-Mario,06/02/1973,Macerata,411
042027,Mancini,Roberto,,,131
042027,Pasquinelli,Fabio,10/01/1981,Osimo,57
042027,Acquaroli,Francesco,25/09/1974,Macerata,1885
041009,Mancini,Roberto,,,3
041009,Pasquinelli,Fabio,10/01/1981,Osimo,15
041009,Mercorelli,Gian-Mario,06/02/1973,Macerata,46
041009,Mangialardi,Maurizio,17/11/1964,Ancona,341
041009,Banzato,Sabrina Paola,21/02/1964,Castellanza,4
041009,Acquaroli,Francesco,25/09/1974,Macerata,475
041009,Iannetti,Anna Rita,26/08/1953,Brittoli,5
042029,Banzato,Sabrina Paola,21/02/1964,Castellanza,9
042029,Iannetti,Anna Rita,26/08/1953,Brittoli,10
042029,Mangialardi,Maurizio,17/11/1964,Ancona,662
042029,Mercorelli,Gian-Mario,06/02/1973,Macerata,139
042029,Mancini,Roberto,,,48
042029,Pasquinelli,Fabio,10/01/1981,Osimo,26
042029,Acquaroli,Francesco,25/09/1974,Macerata,638
042030,Banzato,Sabrina Paola,21/02/1964,Castellanza,21
042030,Iannetti,Anna Rita,26/08/1953,Brittoli,20
042030,Mangialardi,Maurizio,17/11/1964,Ancona,1714
042030,Mercorelli,Gian-Mario,06/02/1973,Macerata,335
042030,Mancini,Roberto,,,164
042030,Pasquinelli,Fabio,10/01/1981,Osimo,46
042030,Acquaroli,Francesco,25/09/1974,Macerata,1272
042031,Banzato,Sabrina Paola,21/02/1964,Castellanza,7
042031,Iannetti,Anna Rita,26/08/1953,Brittoli,4
042031,Mangialardi,Maurizio,17/11/1964,Ancona,371
042031,Mercorelli,Gian-Mario,06/02/1973,Macerata,66
042031,Mancini,Roberto,,,26
042031,Pasquinelli,Fabio,10/01/1981,Osimo,20
042031,Acquaroli,Francesco,25/09/1974,Macerata,363
042032,Banzato,Sabrina Paola,21/02/1964,Castellanza,15
042032,Iannetti,Anna Rita,26/08/1953,Brittoli,18
042032,Mangialardi,Maurizio,17/11/1964,Ancona,674
042032,Mercorelli,Gian-Mario,06/02/1973,Macerata,141
042032,Mancini,Roberto,,,26
042032,Pasquinelli,Fabio,10/01/1981,Osimo,38
042032,Acquaroli,Francesco,25/09/1974,Macerata,1097
042033,Banzato,Sabrina Paola,21/02/1964,Castellanza,9
042033,Iannetti,Anna Rita,26/08/1953,Brittoli,5
042033,Mangialardi,Maurizio,17/11/1964,Ancona,444
042033,Mercorelli,Gian-Mario,06/02/1973,Macerata,95
042033,Mancini,Roberto,,,23
042033,Pasquinelli,Fabio,10/01/1981,Osimo,21
042033,Acquaroli,Francesco,25/09/1974,Macerata,467
042034,Banzato,Sabrina Paola,21/02/1964,Castellanza,104
042034,Iannetti,Anna Rita,26/08/1953,Brittoli,100
042034,Mangialardi,Maurizio,17/11/1964,Ancona,6159
042034,Mercorelli,Gian-Mario,06/02/1973,Macerata,1457
042034,Mancini,Roberto,,,281
042034,Pasquinelli,Fabio,10/01/1981,Osimo,442
042034,Acquaroli,Francesco,25/09/1974,Macerata,8565
042035,Banzato,Sabrina Paola,21/02/1964,Castellanza,18
042035,Iannetti,Anna Rita,26/08/1953,Brittoli,26
042035,Mangialardi,Maurizio,17/11/1964,Ancona,1365
042035,Mercorelli,Gian-Mario,06/02/1973,Macerata,201
042035,Mancini,Roberto,,,56
042035,Pasquinelli,Fabio,10/01/1981,Osimo,33
042035,Acquaroli,Francesco,25/09/1974,Macerata,1457
042036,Banzato,Sabrina Paola,21/02/1964,Castellanza,13
042036,Iannetti,Anna Rita,26/08/1953,Brittoli,6
042036,Mangialardi,Maurizio,17/11/1964,Ancona,647
042036,Mercorelli,Gian-Mario,06/02/1973,Macerata,87
042036,Mancini,Roberto,,,30
042036,Pasquinelli,Fabio,10/01/1981,Osimo,23
042036,Acquaroli,Francesco,25/09/1974,Macerata,872
042037,Banzato,Sabrina Paola,21/02/1964,Castellanza,1
042037,Iannetti,Anna Rita,26/08/1953,Brittoli,2
042037,Mangialardi,Maurizio,17/11/1964,Ancona,148
042037,Mercorelli,Gian-Mario,06/02/1973,Macerata,31
042037,Mancini,Roberto,,,11
042037,Pasquinelli,Fabio,10/01/1981,Osimo,8
042037,Acquaroli,Francesco,25/09/1974,Macerata,163
042038,Banzato,Sabrina Paola,21/02/1964,Castellanza,18
042038,Iannetti,Anna Rita,26/08/1953,Brittoli,24
042038,Mangialardi,Maurizio,17/11/1964,Ancona,972
042038,Mercorelli,Gian-Mario,06/02/1973,Macerata,254
042038,Mancini,Roberto,,,50
042038,Pasquinelli,Fabio,10/01/1981,Osimo,31
042038,Acquaroli,Francesco,25/09/1974,Macerata,1012
041010,Mancini,Roberto,,,57
041010,Pasquinelli,Fabio,10/01/1981,Osimo,39
041010,Mercorelli,Gian-Mario,06/02/1973,Macerata,469
041010,Mangialardi,Maurizio,17/11/1964,Ancona,1012
041010,Banzato,Sabrina Paola,21/02/1964,Castellanza,15
041010,Acquaroli,Francesco,25/09/1974,Macerata,2202
041010,Iannetti,Anna Rita,26/08/1953,Brittoli,30
042040,Banzato,Sabrina Paola,21/02/1964,Castellanza,2
042040,Iannetti,Anna Rita,26/08/1953,Brittoli,8
042040,Mangialardi,Maurizio,17/11/1964,Ancona,373
042040,Mercorelli,Gian-Mario,06/02/1973,Macerata,73
042040,Mancini,Roberto,,,15
042040,Pasquinelli,Fabio,10/01/1981,Osimo,8
042040,Acquaroli,Francesco,25/09/1974,Macerata,421
042041,Banzato,Sabrina Paola,21/02/1964,Castellanza,5
042041,Iannetti,Anna Rita,26/08/1953,Brittoli,5
042041,Mangialardi,Maurizio,17/11/1964,Ancona,478
042041,Mercorelli,Gian-Mario,06/02/1973,Macerata,94
042041,Mancini,Roberto,,,35
042041,Pasquinelli,Fabio,10/01/1981,Osimo,12
042041,Acquaroli,Francesco,25/09/1974,Macerata,415
042042,Banzato,Sabrina Paola,21/02/1964,Castellanza,1
042042,Iannetti,Anna Rita,26/08/1953,Brittoli,1
042042,Mangialardi,Maurizio,17/11/1964,Ancona,179
042042,Mercorelli,Gian-Mario,06/02/1973,Macerata,28
042042,Mancini,Roberto,,,12
042042,Pasquinelli,Fabio,10/01/1981,Osimo,7
042042,Acquaroli,Francesco,25/09/1974,Macerata,199
042043,Banzato,Sabrina Paola,21/02/1964,Castellanza,14
042043,Iannetti,Anna Rita,26/08/1953,Brittoli,12
042043,Mangialardi,Maurizio,17/11/1964,Ancona,882
042043,Mercorelli,Gian-Mario,06/02/1973,Macerata,179
042043,Mancini,Roberto,,,53
042043,Pasquinelli,Fabio,10/01/1981,Osimo,48
042043,Acquaroli,Francesco,25/09/1974,Macerata,850
042044,Banzato,Sabrina Paola,21/02/1964,Castellanza,15
042044,Iannetti,Anna Rita,26/08/1953,Brittoli,16
042044,Mangialardi,Maurizio,17/11/1964,Ancona,1049
042044,Mercorelli,Gian-Mario,06/02/1973,Macerata,298
042044,Mancini,Roberto,,,36
042044,Pasquinelli,Fabio,10/01/1981,Osimo,61
042044,Acquaroli,Francesco,25/09/1974,Macerata,1712
042045,Banzato,Sabrina Paola,21/02/1964,Castellanza,124
042045,Iannetti,Anna Rita,26/08/1953,Brittoli,142
042045,Mangialardi,Maurizio,17/11/1964,Ancona,13134
042045,Mercorelli,Gian-Mario,06/02/1973,Macerata,1317
042045,Mancini,Roberto,,,1019
042045,Pasquinelli,Fabio,10/01/1981,Osimo,273
042045,Acquaroli,Francesco,25/09/1974,Macerata,8456
042046,Banzato,Sabrina Paola,21/02/1964,Castellanza,13
042046,Iannetti,Anna Rita,26/08/1953,Brittoli,22
042046,Mangialardi,Maurizio,17/11/1964,Ancona,938
042046,Mercorelli,Gian-Mario,06/02/1973,Macerata,128
042046,Mancini,Roberto,,,23
042046,Pasquinelli,Fabio,10/01/1981,Osimo,33
042046,Acquaroli,Francesco,25/09/1974,Macerata,602
042047,Banzato,Sabrina Paola,21/02/1964,Castellanza,8
042047,Iannetti,Anna Rita,26/08/1953,Brittoli,10
042047,Mangialardi,Maurizio,17/11/1964,Ancona,549
042047,Mercorelli,Gian-Mario,06/02/1973,Macerata,126
042047,Mancini,Roberto,,,21
042047,Pasquinelli,Fabio,10/01/1981,Osimo,33
042047,Acquaroli,Francesco,25/09/1974,Macerata,584
042048,Banzato,Sabrina Paola,21/02/1964,Castellanza,7
042048,Iannetti,Anna Rita,26/08/1953,Brittoli,18
042048,Mangialardi,Maurizio,17/11/1964,Ancona,860
042048,Mercorelli,Gian-Mario,06/02/1973,Macerata,173
042048,Mancini,Roberto,,,24
042048,Pasquinelli,Fabio,10/01/1981,Osimo,43
042048,Acquaroli,Francesco,25/09/1974,Macerata,1023
042049,Banzato,Sabrina Paola,21/02/1964,Castellanza,7
042049,Iannetti,Anna Rita,26/08/1953,Brittoli,6
042049,Mangialardi,Maurizio,17/11/1964,Ancona,436
042049,Mercorelli,Gian-Mario,06/02/1973,Macerata,83
042049,Mancini,Roberto,,,13
042049,Pasquinelli,Fabio,10/01/1981,Osimo,22
042049,Acquaroli,Francesco,25/09/1974,Macerata,452
041013,Mancini,Roberto,,,483
041013,Pasquinelli,Fabio,10/01/1981,Osimo,280
041013,Mercorelli,Gian-Mario,06/02/1973,Macerata,3234
041013,Mangialardi,Maurizio,17/11/1964,Ancona,11027
041013,Banzato,Sabrina Paola,21/02/1964,Castellanza,174
041013,Acquaroli,Francesco,25/09/1974,Macerata,14451
041013,Iannetti,Anna Rita,26/08/1953,Brittoli,222
